Protocollo;Gruppo;DataOraIncidente;Localizzazione1;STRADA1;Localizzazione2;STRADA2;Strada02;Chilometrica;DaSpecificare;NaturaIncidente;particolaritastrade;TipoStrada;FondoStradale;Pavimentazione;Segnaletica;CondizioneAtmosferica;Traffico;Visibilita;Illuminazione;NUM_FERITI;NUM_RISERVATA;NUM_MORTI;NUM_ILLESI;Longitudine;Latitudine;Confermato;Progressivo;TipoVeicolo;StatoVeicolo;TipoPersona;Sesso;Tipolesione;Deceduto;DecedutoDopo;CinturaCascoUtilizzato;Airbag
3258466;12;09/04/2017 15:20;Strada Urbana;VIA LAURENTINA;da specificare;;;;fr civico 663 dir. Gra;Veicolo in marcia contro veicolo arresto;Curva a visuale libera;Una carreggiata a doppio senso;Asciutto;Asfaltata;Verticale ed orizzontale;Sereno;Normale;Buona;Ore Diurne;0;0;0;3;12,48136;41,80045;-1;1;Autovettura privata;In marcia / fermata / arresto;Conducente;M;Illeso;0;;Non accertato;Inesploso
3258466;12;09/04/2017 15:20;Strada Urbana;VIA LAURENTINA;da specificare;;;;fr civico 663 dir. Gra;Veicolo in marcia contro veicolo arresto;Curva a visuale libera;Una carreggiata a doppio senso;Asciutto;Asfaltata;Verticale ed orizzontale;Sereno;Normale;Buona;Ore Diurne;0;0;0;3;12,48136;41,80045;-1;2;Autobus urbano;In marcia / fermata / arresto;Conducente;M;Illeso;0;;;
3258469;1;10/04/2017 14:00;Strada Urbana;VIA FILIPPO TURATI;all'intersezione con;VIA MAMIANI;VIA MAMIANI;;;Investimento di pedone;Incrocio;Una carreggiata a senso unico di marcia;Asciutto;Asfaltata;Verticale ed orizzontale;Sereno;Normale;Buona;Ore Diurne;1;0;0;0;12,50409;41,89747;-1;;;;Pedone;M;Rimandato;0;NON DECEDUTO;;
3258471;7;10/04/2017 19:00;Strada Urbana;VIA PRENESTINA;in corrispondenza;;del civico n.;491;;Tamponamento;Rettilineo;Due carreggiate;Asciutto;Asfaltata;Verticale ed orizzontale;Sereno;Normale;Buona;Ore Diurne;1;0;0;0;12,57324;41,89513;-1;1;Ciclomotore con passeggero;In marcia / fermata / arresto;Conducente;M;Rimandato;0;NON DECEDUTO;;
3258472;10;10/04/2017 21:40;Strada Urbana;VIA TOMMASO FORTIFIOCCA;all'intersezione con;VIA ADOLFO OMODEO;VIA ADOLFO OMODEO;;;Scontro frontale/laterale SX fra veicoli in marcia;Incrocio;Una carreggiata a doppio senso;Asciutto;Asfaltata;Verticale ed orizzontale;Sereno;Normale;Sufficiente;Sufficiente;0;0;0;2;12,52204;41,87144;-1;1;Autovettura privata;In marcia / fermata / arresto;Conducente;F;Illeso;0;;Non accertato;Inesploso
3258472;10;10/04/2017 21:40;Strada Urbana;VIA TOMMASO FORTIFIOCCA;all'intersezione con;VIA ADOLFO OMODEO;VIA ADOLFO OMODEO;;;Scontro frontale/laterale SX fra veicoli in marcia;Incrocio;Una carreggiata a doppio senso;Asciutto;Asfaltata;Verticale ed orizzontale;Sereno;Normale;Sufficiente;Sufficiente;0;0;0;2;12,52204;41,87144;-1;2;Autovettura privata;In marcia / fermata / arresto;Conducente;F;Illeso;0;;Non accertato;Esploso
3258484;17;10/04/2017 13:00;Strada Urbana;VIA DEI GRACCHI;in prossimità;;del civico n.;177;;Investimento di pedone;Rettilineo;Una carreggiata a senso unico di marcia;Asciutto;Asfaltata;Verticale ed orizzontale;Sereno;Normale;Buona;Ore Diurne;1;0;0;2;12,46483;41,90859;-1;;;;Pedone;F;Rimandato;0;NON DECEDUTO;;
3258484;17;10/04/2017 13:00;Strada Urbana;VIA DEI GRACCHI;in prossimità;;del civico n.;177;;Investimento di pedone;Rettilineo;Una carreggiata a senso unico di marcia;Asciutto;Asfaltata;Verticale ed orizzontale;Sereno;Normale;Buona;Ore Diurne;1;0;0;2;12,46483;41,90859;-1;1;Autovettura privata;In marcia / fermata / arresto;Conducente;F;Illeso;0;;;
3258484;17;10/04/2017 13:00;Strada Urbana;VIA DEI GRACCHI;in prossimità;;del civico n.;177;;Investimento di pedone;Rettilineo;Una carreggiata a senso unico di marcia;Asciutto;Asfaltata;Verticale ed orizzontale;Sereno;Normale;Buona;Ore Diurne;1;0;0;2;12,46483;41,90859;-1;1;Autovettura privata;In marcia / fermata / arresto;Passeggero;M;Illeso;0;;;
3258491;5;10/04/2017 16:40;Strada Urbana;VIA DI TOR CERVARA;in corrispondenza;;del civico n.;115;;Scontro frontale/laterale DX fra veicoli in marcia;Rettilineo;Una carreggiata a doppio senso;Asciutto;Asfaltata;Verticale ed orizzontale;Sereno;Normale;Sufficiente;Ore Diurne;0;0;0;3;12,58809;41,92398;-1;1;Autovettura privata;In marcia / fermata / arresto;Conducente;M;Illeso;0;;Non accertato;Inesploso
3258491;5;10/04/2017 16:40;Strada Urbana;VIA DI TOR CERVARA;in corrispondenza;;del civico n.;115;;Scontro frontale/laterale DX fra veicoli in marcia;Rettilineo;Una carreggiata a doppio senso;Asciutto;Asfaltata;Verticale ed orizzontale;Sereno;Normale;Sufficiente;Ore Diurne;0;0;0;3;12,58809;41,92398;-1;1;Autovettura privata;In marcia / fermata / arresto;Passeggero;M;Illeso;0;;Non accertato;Inesploso
3258491;5;10/04/2017 16:40;Strada Urbana;VIA DI TOR CERVARA;in corrispondenza;;del civico n.;115;;Scontro frontale/laterale DX fra veicoli in marcia;Rettilineo;Una carreggiata a doppio senso;Asciutto;Asfaltata;Verticale ed orizzontale;Sereno;Normale;Sufficiente;Ore Diurne;0;0;0;3;12,58809;41,92398;-1;2;Autovettura privata;In marcia / fermata / arresto;Conducente;F;Illeso;0;;Non accertato;Inesploso
3258493;5;10/04/2017 21:00;Strada Urbana;VIA TIBURTINA;da specificare;;;;fronte civico 779;Veicolo in marcia contro ostacolo accidentale;Rettilineo;Due carreggiate;Asciutto;Asfaltata;Verticale ed orizzontale;Sereno;Normale;Sufficiente;Sufficiente;0;0;0;1;12,55714;41,91359;-1;1;Motociclo a solo;In marcia / fermata / arresto;Conducente;F;Illeso;0;;Non accertato;
3258495;17;10/04/2017 19:15;Strada Urbana;LARGO TRIONFALE;all'intersezione semaforizzata con;VIA DELLA GIULIANA;VIA DELLA GIULIANA;;;Scontro laterale fra veicoli in marcia;Intersezione semaforizzata;Una carreggiata a doppio senso;Asciutto;Asfaltata;Verticale ed orizzontale;Sereno;Normale;Buona;Ore Diurne;0;0;0;2;12,45486;41,91061;-1;1;Autovettura privata;In marcia / fermata / arresto;Conducente;M;Illeso;0;;;
3258495;17;10/04/2017 19:15;Strada Urbana;LARGO TRIONFALE;all'intersezione semaforizzata con;VIA DELLA GIULIANA;VIA DELLA GIULIANA;;;Scontro laterale fra veicoli in marcia;Intersezione semaforizzata;Una carreggiata a doppio senso;Asciutto;Asfaltata;Verticale ed orizzontale;Sereno;Normale;Buona;Ore Diurne;0;0;0;2;12,45486;41,91061;-1;2;Autobus urbano;In marcia / fermata / arresto;Conducente;M;Illeso;0;;;
3258498;1;06/04/2017 20:25;Strada Urbana;VIA MERULANA;in corrispondenza;;del civico n.;FR 48;;Investimento di pedone;Rettilineo;Una carreggiata a doppio senso;Asciutto;Asfaltata;Verticale ed orizzontale;Nuvoloso;Normale;Sufficiente;Sufficiente;1;0;0;1;12,50078;41,89442;-1;;;;Pedone;F;Rimandato;0;NON DECEDUTO;;
3258498;1;06/04/2017 20:25;Strada Urbana;VIA MERULANA;in corrispondenza;;del civico n.;FR 48;;Investimento di pedone;Rettilineo;Una carreggiata a doppio senso;Asciutto;Asfaltata;Verticale ed orizzontale;Nuvoloso;Normale;Sufficiente;Sufficiente;1;0;0;1;12,50078;41,89442;-1;1;Autovettura privata;In marcia / fermata / arresto;Conducente;F;Illeso;0;;Non accertato;Inesploso
3258499;5;10/04/2017 13:25;Strada Urbana;VIA TIBURTINA;da specificare;;;;all'altezza di VIA DI S. ALESSANDRO;Scontro laterale fra veicoli in marcia;Rettilineo;Una carreggiata a doppio senso;Asciutto;Asfaltata;Verticale ed orizzontale;Sereno;Intenso;Buona;Ore Diurne;1;0;0;1;12,60303;41,93371;-1;1;Autovettura privata;In marcia / fermata / arresto;Conducente;F;Illeso;0;;Non accertato;Inesistente
3258499;5;10/04/2017 13:25;Strada Urbana;VIA TIBURTINA;da specificare;;;;all'altezza di VIA DI S. ALESSANDRO;Scontro laterale fra veicoli in marcia;Rettilineo;Una carreggiata a doppio senso;Asciutto;Asfaltata;Verticale ed orizzontale;Sereno;Intenso;Buona;Ore Diurne;1;0;0;1;12,60303;41,93371;-1;2;Motociclo a solo;In marcia / fermata / arresto;Conducente;M;Rimandato;0;NON DECEDUTO;Non accertato;
3258509;5;10/04/2017 19:15;Strada Urbana;VIA DI S. ALESSANDRO;da specificare;;;;altezza VIA BELMONTE IN SABINA;Scontro frontale/laterale DX fra veicoli in marcia;Rettilineo;Una carreggiata a doppio senso;Asciutto;Asfaltata;Orizzontale;Sereno;Normale;Buona;Inesistente;1;0;0;1;12,59822;41,94905;-1;1;Autovettura privata;In marcia / fermata / arresto;Conducente;M;Illeso;0;;Non accertato;Inesploso
3258509;5;10/04/2017 19:15;Strada Urbana;VIA DI S. ALESSANDRO;da specificare;;;;altezza VIA BELMONTE IN SABINA;Scontro frontale/laterale DX fra veicoli in marcia;Rettilineo;Una carreggiata a doppio senso;Asciutto;Asfaltata;Orizzontale;Sereno;Normale;Buona;Inesistente;1;0;0;1;12,59822;41,94905;-1;2;Motociclo a solo;In marcia / fermata / arresto;Conducente;M;Rimandato;0;NON DECEDUTO;Non accertato;
3258525;23;10/04/2017 19:25;Strada Urbana;VIALE SAN PAOLO DEL BRASILE;da specificare;;;;altezza casina del cinema;Investimento di pedone;Rettilineo;Una carreggiata a doppio senso;Asciutto;Asfaltata;Verticale ed orizzontale;Sereno;Scarso;Buona;Ore Diurne;1;0;0;1;12,48654;41,91114;-1;;;;Pedone;F;Rimandato;0;NON DECEDUTO;;
3258525;23;10/04/2017 19:25;Strada Urbana;VIALE SAN PAOLO DEL BRASILE;da specificare;;;;altezza casina del cinema;Investimento di pedone;Rettilineo;Una carreggiata a doppio senso;Asciutto;Asfaltata;Verticale ed orizzontale;Sereno;Scarso;Buona;Ore Diurne;1;0;0;1;12,48654;41,91114;-1;1;Velocipede;In marcia / fermata / arresto;Conducente;M;Illeso;0;;Esente;
3258528;1;10/04/2017 16:30;Strada Urbana;PIAZZA DI S. CROCE IN GERUSALEMME;in corrispondenza;;del palo luce n.;20;;Scontro frontale/laterale SX fra veicoli in marcia;Rettilineo;Più di due carreggiate;Asciutto;Asfaltata;Verticale;Sereno;Normale;Buona;Ore Diurne;1;0;0;1;12,51522;41,88912;-1;1;Autovettura privata;In marcia / fermata / arresto;Conducente;M;Illeso;0;;;
3258528;1;10/04/2017 16:30;Strada Urbana;PIAZZA DI S. CROCE IN GERUSALEMME;in corrispondenza;;del palo luce n.;20;;Scontro frontale/laterale SX fra veicoli in marcia;Rettilineo;Più di due carreggiate;Asciutto;Asfaltata;Verticale;Sereno;Normale;Buona;Ore Diurne;1;0;0;1;12,51522;41,88912;-1;2;Motociclo a solo;In marcia / fermata / arresto;Conducente;M;Rimandato;0;NON DECEDUTO;;
3258538;20;11/04/2017 08:10;Strada Urbana;VIA CASSIA;in prossimità;;del civico n.;1450;;Tamponamento Multiplo;Rettilineo;Una carreggiata a doppio senso;Asciutto;Asfaltata;Orizzontale;Nuvoloso;Normale;Buona;Ore Diurne;1;0;0;2;12,37974;42,00717;-1;1;Autovettura privata;In marcia / fermata / arresto;Conducente;F;Illeso;0;;Non accertato;Inesistente
3258538;20;11/04/2017 08:10;Strada Urbana;VIA CASSIA;in prossimità;;del civico n.;1450;;Tamponamento Multiplo;Rettilineo;Una carreggiata a doppio senso;Asciutto;Asfaltata;Orizzontale;Nuvoloso;Normale;Buona;Ore Diurne;1;0;0;2;12,37974;42,00717;-1;2;Autovettura privata;In marcia / fermata / arresto;Conducente;F;Rimandato;0;NON DECEDUTO;Non accertato;Inesploso
3258538;20;11/04/2017 08:10;Strada Urbana;VIA CASSIA;in prossimità;;del civico n.;1450;;Tamponamento Multiplo;Rettilineo;Una carreggiata a doppio senso;Asciutto;Asfaltata;Orizzontale;Nuvoloso;Normale;Buona;Ore Diurne;1;0;0;2;12,37974;42,00717;-1;3;Autovettura privata;In marcia / fermata / arresto;Conducente;M;Illeso;0;;Non accertato;Inesploso
3258539;1;06/04/2017 20:40;Strada Urbana;VIA EMANUELE FILIBERTO;in prossimità;;del civico n.;125;;Scontro frontale/laterale DX fra veicoli in marcia;Rettilineo;Una carreggiata a doppio senso;Bagnato (umidità in atto);Asfaltata;Verticale ed orizzontale;Nuvoloso;Normale;Sufficiente;Sufficiente;1;0;0;2;12,506;41,8913;-1;1;Autovettura privata;In marcia / fermata / arresto;Conducente;M;Illeso;0;;;Inesploso
3258539;1;06/04/2017 20:40;Strada Urbana;VIA EMANUELE FILIBERTO;in prossimità;;del civico n.;125;;Scontro frontale/laterale DX fra veicoli in marcia;Rettilineo;Una carreggiata a doppio senso;Bagnato (umidità in atto);Asfaltata;Verticale ed orizzontale;Nuvoloso;Normale;Sufficiente;Sufficiente;1;0;0;2;12,506;41,8913;-1;1;Autovettura privata;In marcia / fermata / arresto;Passeggero;F;Illeso;0;;;
3258539;1;06/04/2017 20:40;Strada Urbana;VIA EMANUELE FILIBERTO;in prossimità;;del civico n.;125;;Scontro frontale/laterale DX fra veicoli in marcia;Rettilineo;Una carreggiata a doppio senso;Bagnato (umidità in atto);Asfaltata;Verticale ed orizzontale;Nuvoloso;Normale;Sufficiente;Sufficiente;1;0;0;2;12,506;41,8913;-1;2;Motociclo a solo;In marcia / fermata / arresto;Conducente;M;Rimandato;0;NON DECEDUTO;;
3258540;18;10/04/2017 23:20;Strada Urbana;VIA DI BOCCEA;in prossimità;;del civico n.;241;;Veicolo in marcia contro veicolo in sosta;Rettilineo;Una carreggiata a doppio senso;Asciutto;Asfaltata;Verticale ed orizzontale;Sereno;Scarso;Buona;Sufficiente;0;0;0;1;12,42038;41,90348;-1;1;Autovettura privata;In marcia / fermata / arresto;Conducente;F;Illeso;0;;Non accertato;Inesploso
3258548;1;06/04/2017 21:05;Strada Urbana;VIA GIUSEPPE ROMITA;all'intersezione con;VIA PARIGI;VIA PARIGI;;;Scontro frontale/laterale DX fra veicoli in marcia;Incrocio;Una carreggiata a senso unico di marcia;Asciutto;Asfaltata;Orizzontale;Sereno;Normale;Sufficiente;Sufficiente;0;0;0;2;12,49567;41,90389;-1;1;Autovettura privata;In marcia / fermata / arresto;Conducente;M;Illeso;0;;Non accertato;Inesploso
3258548;1;06/04/2017 21:05;Strada Urbana;VIA GIUSEPPE ROMITA;all'intersezione con;VIA PARIGI;VIA PARIGI;;;Scontro frontale/laterale DX fra veicoli in marcia;Incrocio;Una carreggiata a senso unico di marcia;Asciutto;Asfaltata;Orizzontale;Sereno;Normale;Sufficiente;Sufficiente;0;0;0;2;12,49567;41,90389;-1;2;Autovettura privata;In marcia / fermata / arresto;Conducente;F;Illeso;0;;Non accertato;Inesploso
3258563;12;10/04/2017 12:40;Strada Urbana;VIA DI MEZZOCAMMINO;all'intersezione con;VIA GIUSEPPE MENGONI;VIA GIUSEPPE MENGONI;;;Scontro frontale/laterale DX fra veicoli in marcia;Incrocio;Una carreggiata a doppio senso;Asciutto;Asfaltata;Verticale ed orizzontale;Sereno;Normale;Buona;Sufficiente;1;0;0;1;12,43537;41,78811;-1;1;Autovettura privata;In marcia / fermata / arresto;Conducente;M;Illeso;0;;Non accertato;Inesploso
3258563;12;10/04/2017 12:40;Strada Urbana;VIA DI MEZZOCAMMINO;all'intersezione con;VIA GIUSEPPE MENGONI;VIA GIUSEPPE MENGONI;;;Scontro frontale/laterale DX fra veicoli in marcia;Incrocio;Una carreggiata a doppio senso;Asciutto;Asfaltata;Verticale ed orizzontale;Sereno;Normale;Buona;Sufficiente;1;0;0;1;12,43537;41,78811;-1;2;Motociclo a solo;In marcia / fermata / arresto;Conducente;F;Rimandato;0;NON DECEDUTO;Non accertato;
3258569;2;10/04/2017 16:20;Strada Urbana;VIA DEL FORO ITALICO;in prossimità;;del civico n.;502;;Tamponamento Multiplo;Rettilineo;Due carreggiate;Asciutto;Asfaltata;Verticale ed orizzontale;Sereno;Normale;Buona;Ore Diurne;1;0;0;2;12,48946;41,93925;-1;1;Motociclo a solo;In marcia / fermata / arresto;Conducente;M;Rimandato;0;NON DECEDUTO;Non accertato;
3258569;2;10/04/2017 16:20;Strada Urbana;VIA DEL FORO ITALICO;in prossimità;;del civico n.;502;;Tamponamento Multiplo;Rettilineo;Due carreggiate;Asciutto;Asfaltata;Verticale ed orizzontale;Sereno;Normale;Buona;Ore Diurne;1;0;0;2;12,48946;41,93925;-1;2;Autovettura privata;In marcia / fermata / arresto;Conducente;M;Illeso;0;;Non accertato;Inesploso
3258569;2;10/04/2017 16:20;Strada Urbana;VIA DEL FORO ITALICO;in prossimità;;del civico n.;502;;Tamponamento Multiplo;Rettilineo;Due carreggiate;Asciutto;Asfaltata;Verticale ed orizzontale;Sereno;Normale;Buona;Ore Diurne;1;0;0;2;12,48946;41,93925;-1;3;Autovettura privata;In marcia / fermata / arresto;Conducente;M;Illeso;0;;;
3258572;2;10/04/2017 13:00;Strada Urbana;VIA DELLA BUFALOTTA;da specificare;;;;altezza VIA O. GUERRINI;Veicolo in marcia contro veicolo in sosta;Rettilineo;Una carreggiata a doppio senso;Asciutto;Asfaltata;Orizzontale;Sereno;Normale;Buona;Ore Diurne;0;0;0;1;12,54524;41,95623;-1;2;Autovettura privata;In marcia / fermata / arresto;Conducente;M;Illeso;0;;;
3258577;2;10/04/2017 15:45;Strada Urbana;VIA ULISSE ALDROVANDI;in prossimità;;del civico n.;16B;;Veicolo in marcia contro ostacolo accidentale;Rettilineo;Una carreggiata a doppio senso;Asciutto;Asfaltata;Verticale ed orizzontale;Sereno;Normale;Buona;Ore Diurne;1;0;0;0;12,48793;41,91955;-1;1;Motociclo a solo;In marcia / fermata / arresto;Conducente;M;Rimandato;0;NON DECEDUTO;Non accertato;
3258581;2;10/04/2017 21:40;Strada Urbana;VIA GUIDO RENI;in prossimità;;del civico n.;FR. 2E;;Veicolo in marcia contro ostacolo fisso;Rettilineo;Una carreggiata a doppio senso;Asciutto;Asfaltata;Verticale ed orizzontale;Sereno;Scarso;Buona;Sufficiente;0;0;0;1;12,46836;41,92849;-1;1;Autovettura privata;In marcia / fermata / arresto;Conducente;F;Illeso;0;;;
3258584;19;10/04/2017 16:45;Strada Urbana;VIA DELLA PINETA SACCHETTI;da specificare;;;;altezza palo luce 178;Investimento di pedone;Curva a visuale libera;Una carreggiata a senso unico di marcia;Asciutto;Asfaltata;Verticale ed orizzontale;Sereno;Normale;Buona;Ore Diurne;3;0;0;0;12,42695;41,93527;-1;;;;Pedone;F;Rimandato;0;NON DECEDUTO;;
3258584;19;10/04/2017 16:45;Strada Urbana;VIA DELLA PINETA SACCHETTI;da specificare;;;;altezza palo luce 178;Investimento di pedone;Curva a visuale libera;Una carreggiata a senso unico di marcia;Asciutto;Asfaltata;Verticale ed orizzontale;Sereno;Normale;Buona;Ore Diurne;3;0;0;0;12,42695;41,93527;-1;;;;Pedone;F;Rimandato;0;NON DECEDUTO;;
3258584;19;10/04/2017 16:45;Strada Urbana;VIA DELLA PINETA SACCHETTI;da specificare;;;;altezza palo luce 178;Investimento di pedone;Curva a visuale libera;Una carreggiata a senso unico di marcia;Asciutto;Asfaltata;Verticale ed orizzontale;Sereno;Normale;Buona;Ore Diurne;3;0;0;0;12,42695;41,93527;-1;1;Motociclo a solo;In marcia / fermata / arresto;Conducente;M;Rimandato;0;NON DECEDUTO;Non accertato;
3258589;10;11/04/2017 08:45;Strada Urbana;VIALE ANICIO GALLO;in prossimità;;del civico n.;196;;Scontro frontale/laterale DX fra veicoli in marcia;Rettilineo;Due carreggiate;Asciutto;Asfaltata;Assente;Sereno;Normale;Buona;Ore Diurne;0;0;0;2;12,566;41,85105;-1;1;Autovettura privata;In marcia / fermata / arresto;Conducente;F;Illeso;0;;Non accertato;Inesploso
3258589;10;11/04/2017 08:45;Strada Urbana;VIALE ANICIO GALLO;in prossimità;;del civico n.;196;;Scontro frontale/laterale DX fra veicoli in marcia;Rettilineo;Due carreggiate;Asciutto;Asfaltata;Assente;Sereno;Normale;Buona;Ore Diurne;0;0;0;2;12,566;41,85105;-1;2;Motociclo a solo;In marcia / fermata / arresto;Conducente;M;Illeso;0;;Non accertato;
3258593;3;05/04/2017 15:00;Strada Urbana;VIA BARI;all'intersezione con;VIA ROVIGO;VIA ROVIGO;;;Veicolo in marcia contro ostacolo accidentale;Incrocio;Una carreggiata a doppio senso;Asciutto;Con buche;Verticale ed orizzontale;Sereno;Normale;Buona;Ore Diurne;0;0;0;1;12,51412;41,91086;-1;1;Autovettura privata;In marcia / fermata / arresto;Conducente;M;Illeso;0;;Non accertato;Inesploso
3258599;4;10/04/2017 08:45;Strada Urbana;PIAZZA OTTAVIANO VIMERCATI;in corrispondenza;;del civico n.;45;;Tamponamento Multiplo;Rettilineo;Una carreggiata a doppio senso;Asciutto;Asfaltata;Verticale ed orizzontale;Sereno;Normale;Buona;Ore Diurne;0;0;0;3;12,52445;41,95833;-1;1;Autovettura privata;In marcia / fermata / arresto;Conducente;F;Illeso;0;;Non accertato;Inesploso
3258599;4;10/04/2017 08:45;Strada Urbana;PIAZZA OTTAVIANO VIMERCATI;in corrispondenza;;del civico n.;45;;Tamponamento Multiplo;Rettilineo;Una carreggiata a doppio senso;Asciutto;Asfaltata;Verticale ed orizzontale;Sereno;Normale;Buona;Ore Diurne;0;0;0;3;12,52445;41,95833;-1;2;Autovettura privata;In marcia / fermata / arresto;Conducente;M;Illeso;0;;Non accertato;Inesploso
3258599;4;10/04/2017 08:45;Strada Urbana;PIAZZA OTTAVIANO VIMERCATI;in corrispondenza;;del civico n.;45;;Tamponamento Multiplo;Rettilineo;Una carreggiata a doppio senso;Asciutto;Asfaltata;Verticale ed orizzontale;Sereno;Normale;Buona;Ore Diurne;0;0;0;3;12,52445;41,95833;-1;3;Autocarro inferiore 35 q.;In marcia / fermata / arresto;Conducente;M;Illeso;0;;Non accertato;Inesploso
3258600;1;07/04/2017 08:30;Strada Urbana;PIAZZA DI PORTA S. GIOVANNI;da specificare;;;;in prossimita' PALO LUCE;Investimento di pedone;Rettilineo;Una carreggiata a doppio senso;Asciutto;Asfaltata;Verticale ed orizzontale;Sereno;Normale;Buona;Ore Diurne;1;0;0;1;12,50494;41,88715;-1;;;;Pedone;F;Rimandato;0;NON DECEDUTO;;
3258600;1;07/04/2017 08:30;Strada Urbana;PIAZZA DI PORTA S. GIOVANNI;da specificare;;;;in prossimita' PALO LUCE;Investimento di pedone;Rettilineo;Una carreggiata a doppio senso;Asciutto;Asfaltata;Verticale ed orizzontale;Sereno;Normale;Buona;Ore Diurne;1;0;0;1;12,50494;41,88715;-1;1;Autovettura privata;In marcia / fermata / arresto;Conducente;F;Illeso;0;;Non accertato;Inesploso
3258604;4;10/04/2017 07:50;Strada Urbana;VIA TEOFILO FOLENGO;all'intersezione con;VIA DOMENICO COMPARETTI;VIA DOMENICO COMPARETTI;;;Scontro laterale fra veicoli in marcia;Intersezione stradale segnalata;Una carreggiata a senso unico di marcia;Asciutto;Asfaltata;Verticale;Sereno;Normale;Buona;Ore Diurne;0;0;0;3;12,55099;41,94386;-1;1;Autovettura privata;In marcia / fermata / arresto;Conducente;F;Illeso;0;;Non accertato;Inesploso
3258604;4;10/04/2017 07:50;Strada Urbana;VIA TEOFILO FOLENGO;all'intersezione con;VIA DOMENICO COMPARETTI;VIA DOMENICO COMPARETTI;;;Scontro laterale fra veicoli in marcia;Intersezione stradale segnalata;Una carreggiata a senso unico di marcia;Asciutto;Asfaltata;Verticale;Sereno;Normale;Buona;Ore Diurne;0;0;0;3;12,55099;41,94386;-1;2;Autovettura privata;In marcia / fermata / arresto;Conducente;M;Illeso;0;;Non accertato;Inesploso
3258604;4;10/04/2017 07:50;Strada Urbana;VIA TEOFILO FOLENGO;all'intersezione con;VIA DOMENICO COMPARETTI;VIA DOMENICO COMPARETTI;;;Scontro laterale fra veicoli in marcia;Intersezione stradale segnalata;Una carreggiata a senso unico di marcia;Asciutto;Asfaltata;Verticale;Sereno;Normale;Buona;Ore Diurne;0;0;0;3;12,55099;41,94386;-1;2;Autovettura privata;In marcia / fermata / arresto;Passeggero;F;Illeso;0;;Non accertato;Inesploso
3258607;3;05/04/2017 06:40;Strada Urbana;VIA BARI;all'intersezione con;VIA ROVIGO;VIA ROVIGO;;;Veicolo in marcia contro ostacolo accidentale;Incrocio;Una carreggiata a doppio senso;Asciutto;Con buche;Verticale ed orizzontale;Sereno;Scarso;Buona;Ore Diurne;0;0;0;1;12,51414;41,91086;-1;1;Motociclo a solo;In marcia / fermata / arresto;Conducente;M;Illeso;0;;Non accertato;
3258625;12;10/04/2017 17:55;Strada Urbana;VIA DELLA SOLFARATA;all'intersezione con;VIA DELLA STAZIONE DI PAVONA;VIA DELLA STAZIONE DI PAVONA;;;Scontro frontale/laterale DX fra veicoli in marcia;Incrocio;Una carreggiata a doppio senso;Asciutto;Asfaltata;Verticale ed orizzontale;Sereno;Normale;Buona;Ore Diurne;1;0;0;1;12,54575;41,70648;-1;1;Autovettura privata;In marcia / fermata / arresto;Conducente;F;Rimandato;0;NON DECEDUTO;Non accertato;Inesistente
3258625;12;10/04/2017 17:55;Strada Urbana;VIA DELLA SOLFARATA;all'intersezione con;VIA DELLA STAZIONE DI PAVONA;VIA DELLA STAZIONE DI PAVONA;;;Scontro frontale/laterale DX fra veicoli in marcia;Incrocio;Una carreggiata a doppio senso;Asciutto;Asfaltata;Verticale ed orizzontale;Sereno;Normale;Buona;Ore Diurne;1;0;0;1;12,54575;41,70648;-1;2;Autovettura privata;In marcia / fermata / arresto;Conducente;M;Illeso;0;;Non accertato;Inesploso
3258634;3;09/04/2017 20:35;Strada Urbana;VIA NOMENTANA;da specificare;;;;fronte civico 60;Tamponamento Multiplo;Rettilineo;Più di due carreggiate;Asciutto;Asfaltata;Verticale ed orizzontale;Sereno;Scarso;Buona;Sufficiente;3;0;0;4;12,50793;41,91357;-1;1;Autovettura privata;In marcia / fermata / arresto;Conducente;F;Illeso;0;;Non accertato;
3258634;3;09/04/2017 20:35;Strada Urbana;VIA NOMENTANA;da specificare;;;;fronte civico 60;Tamponamento Multiplo;Rettilineo;Più di due carreggiate;Asciutto;Asfaltata;Verticale ed orizzontale;Sereno;Scarso;Buona;Sufficiente;3;0;0;4;12,50793;41,91357;-1;2;Autovettura privata;In marcia / fermata / arresto;Conducente;F;Illeso;0;;Non accertato;
3258634;3;09/04/2017 20:35;Strada Urbana;VIA NOMENTANA;da specificare;;;;fronte civico 60;Tamponamento Multiplo;Rettilineo;Più di due carreggiate;Asciutto;Asfaltata;Verticale ed orizzontale;Sereno;Scarso;Buona;Sufficiente;3;0;0;4;12,50793;41,91357;-1;3;Autovettura privata;In marcia / fermata / arresto;Conducente;M;Illeso;0;;Non accertato;
3258634;3;09/04/2017 20:35;Strada Urbana;VIA NOMENTANA;da specificare;;;;fronte civico 60;Tamponamento Multiplo;Rettilineo;Più di due carreggiate;Asciutto;Asfaltata;Verticale ed orizzontale;Sereno;Scarso;Buona;Sufficiente;3;0;0;4;12,50793;41,91357;-1;3;Autovettura privata;In marcia / fermata / arresto;Passeggero;F;Rifiuta cure immediate;0;NON DECEDUTO;Non accertato;