Protocollo;Gruppo;DataOraIncidente;Localizzazione1;STRADA1;Localizzazione2;STRADA2;Strada02;Chilometrica;DaSpecificare;NaturaIncidente;particolaritastrade;TipoStrada;FondoStradale;Pavimentazione;Segnaletica;CondizioneAtmosferica;Traffico;Visibilita;Illuminazione;NUM_FERITI;NUM_RISERVATA;NUM_MORTI;NUM_ILLESI;Longitudine;Latitudine;Confermato;Progressivo;TipoVeicolo;StatoVeicolo;TipoPersona;Sesso;Tipolesione;Deceduto;DecedutoDopo;CinturaCascoUtilizzato;Airbag
3259739;13;11/04/2017 13:00;Strada Urbana;VIA ERMANNO CARLOTTO;all'intersezione con;VIA FEDERICO PAOLINI;VIA FEDERICO PAOLINI;;;Scontro laterale fra veicoli in marcia;Incrocio;Due carreggiate;Asciutto;Asfaltata;Verticale ed orizzontale;Sereno;Normale;Buona;Ore Diurne;0;0;0;2;12,28813;41,73293;-1;1;Autocarro inferiore 35 q.;In marcia / fermata / arresto;Conducente;M;Illeso;0;;Non accertato;Inesploso
3259739;13;11/04/2017 13:00;Strada Urbana;VIA ERMANNO CARLOTTO;all'intersezione con;VIA FEDERICO PAOLINI;VIA FEDERICO PAOLINI;;;Scontro laterale fra veicoli in marcia;Incrocio;Due carreggiate;Asciutto;Asfaltata;Verticale ed orizzontale;Sereno;Normale;Buona;Ore Diurne;0;0;0;2;12,28813;41,73293;-1;2;Autovettura privata;In marcia / fermata / arresto;Conducente;F;Illeso;0;;Non accertato;Inesploso
3259741;23;10/04/2017 22:30;Comunale extraurbana;VIA CRISTOFORO COLOMBO;in prossimità;;della chilometrica;20.7;;Veicolo in marcia contro ostacolo accidentale;Rettilineo;Una carreggiata a senso unico di marcia;Asciutto;Asfaltata;Verticale;Sereno;Scarso;Insufficiente;Inesistente;0;0;0;1;11,18243;43,75363;-1;1;Autovettura privata;In marcia / fermata / arresto;Conducente;F;Illeso;0;;Non accertato;Inesploso
3260042;9;11/04/2017 20:15;Strada Urbana;VIA ETRURIA;in prossimità;;del civico n.;6;;Scontro laterale fra veicoli in marcia;Rettilineo;Una carreggiata a doppio senso;Asciutto;Asfaltata;Orizzontale;Sereno;Normale;Sufficiente;Sufficiente;1;0;0;1;12,51512;41,87859;-1;1;Autobus di linea;In marcia / fermata / arresto;Conducente;M;Illeso;0;;Non accertato;Inesistente
3260042;9;11/04/2017 20:15;Strada Urbana;VIA ETRURIA;in prossimità;;del civico n.;6;;Scontro laterale fra veicoli in marcia;Rettilineo;Una carreggiata a doppio senso;Asciutto;Asfaltata;Orizzontale;Sereno;Normale;Sufficiente;Sufficiente;1;0;0;1;12,51512;41,87859;-1;2;Motociclo a solo;In marcia / fermata / arresto;Conducente;M;Rimandato;0;NON DECEDUTO;Non accertato;
3260056;12;11/04/2017 14:25;Strada Urbana;VIA LAURENTINA;in prossimità;;del civico n.;722;;Tamponamento;Rettilineo;Più di due carreggiate;Asciutto;Asfaltata;Verticale ed orizzontale;Sereno;Normale;Buona;Ore Diurne;0;0;0;1;12,48468;41,81457;-1;1;Autovettura privata;In marcia / fermata / arresto;Conducente;M;Illeso;0;;Non accertato;Inesploso
3260070;12;11/04/2017 16:05;Strada Urbana;PIAZZA FRANCESCO VIVONA;in prossimità;;del civico n.;9;;Veicolo in marcia contro veicolo in sosta;Rettilineo;Una carreggiata a doppio senso;Asciutto;Asfaltata;Verticale ed orizzontale;Sereno;Scarso;Buona;Ore Diurne;0;0;0;1;12,46561;41,83331;-1;2;Autovettura privata;In marcia / fermata / arresto;Conducente;M;Illeso;0;;Non accertato;Inesploso
3260097;12;11/04/2017 16:10;Strada Urbana;VIALE AMERICA;all'intersezione con;VIALE PASTEUR;VIALE PASTEUR;;;Scontro laterale fra veicoli in marcia;Incrocio;Una carreggiata a senso unico di marcia;Asciutto;Asfaltata;Verticale ed orizzontale;Sereno;Normale;Buona;Ore Diurne;0;0;0;2;12,46751;41,82988;-1;1;Autovettura privata;In marcia / fermata / arresto;Conducente;F;Illeso;0;;Non accertato;Inesploso
3260097;12;11/04/2017 16:10;Strada Urbana;VIALE AMERICA;all'intersezione con;VIALE PASTEUR;VIALE PASTEUR;;;Scontro laterale fra veicoli in marcia;Incrocio;Una carreggiata a senso unico di marcia;Asciutto;Asfaltata;Verticale ed orizzontale;Sereno;Normale;Buona;Ore Diurne;0;0;0;2;12,46751;41,82988;-1;2;Autovettura privata;In marcia / fermata / arresto;Conducente;M;Illeso;0;;Non accertato;Inesploso
3260101;8;11/04/2017 08:20;Strada Urbana;VIA DI LUNGHEZZA;all'intersezione con;VIA DEL FOSSO DELL'OSA;VIA DEL FOSSO DELL'OSA;;;Scontro laterale fra veicoli in marcia;Incrocio;Una carreggiata a doppio senso;Asciutto;Asfaltata;Verticale ed orizzontale;Sereno;Intenso;Buona;Ore Diurne;0;0;0;4;12,67062;41,92309;-1;1;Autovettura privata;In marcia / fermata / arresto;Conducente;M;Illeso;0;;Non accertato;Inesploso
3260101;8;11/04/2017 08:20;Strada Urbana;VIA DI LUNGHEZZA;all'intersezione con;VIA DEL FOSSO DELL'OSA;VIA DEL FOSSO DELL'OSA;;;Scontro laterale fra veicoli in marcia;Incrocio;Una carreggiata a doppio senso;Asciutto;Asfaltata;Verticale ed orizzontale;Sereno;Intenso;Buona;Ore Diurne;0;0;0;4;12,67062;41,92309;-1;2;Autovettura privata;In marcia / fermata / arresto;Conducente;F;Illeso;0;;Non accertato;Inesploso
3260101;8;11/04/2017 08:20;Strada Urbana;VIA DI LUNGHEZZA;all'intersezione con;VIA DEL FOSSO DELL'OSA;VIA DEL FOSSO DELL'OSA;;;Scontro laterale fra veicoli in marcia;Incrocio;Una carreggiata a doppio senso;Asciutto;Asfaltata;Verticale ed orizzontale;Sereno;Intenso;Buona;Ore Diurne;0;0;0;4;12,67062;41,92309;-1;2;Autovettura privata;In marcia / fermata / arresto;Passeggero;M;Illeso;0;;Non accertato;Inesploso
3260101;8;11/04/2017 08:20;Strada Urbana;VIA DI LUNGHEZZA;all'intersezione con;VIA DEL FOSSO DELL'OSA;VIA DEL FOSSO DELL'OSA;;;Scontro laterale fra veicoli in marcia;Incrocio;Una carreggiata a doppio senso;Asciutto;Asfaltata;Verticale ed orizzontale;Sereno;Intenso;Buona;Ore Diurne;0;0;0;4;12,67062;41,92309;-1;2;Autovettura privata;In marcia / fermata / arresto;Passeggero;M;Illeso;0;;Non accertato;Inesploso
3260103;13;11/04/2017 17:10;Strada Urbana;VIALE DELLA VITTORIA;all'intersezione con;VIA RODOLFO GRIMALDI CASTA;VIA RODOLFO GRIMALDI CASTA;;;Scontro frontale/laterale DX fra veicoli in marcia;Rotatoria;Due carreggiate;Asciutto;Asfaltata;Verticale ed orizzontale;Sereno;Normale;Buona;Ore Diurne;0;0;0;3;12,28802;41,72933;-1;1;Autovettura privata;In marcia / fermata / arresto;Conducente;M;Illeso;0;;Non accertato;Inesploso
3260103;13;11/04/2017 17:10;Strada Urbana;VIALE DELLA VITTORIA;all'intersezione con;VIA RODOLFO GRIMALDI CASTA;VIA RODOLFO GRIMALDI CASTA;;;Scontro frontale/laterale DX fra veicoli in marcia;Rotatoria;Due carreggiate;Asciutto;Asfaltata;Verticale ed orizzontale;Sereno;Normale;Buona;Ore Diurne;0;0;0;3;12,28802;41,72933;-1;1;Autovettura privata;In marcia / fermata / arresto;Passeggero;F;Illeso;0;;Non accertato;Inesploso
3260103;13;11/04/2017 17:10;Strada Urbana;VIALE DELLA VITTORIA;all'intersezione con;VIA RODOLFO GRIMALDI CASTA;VIA RODOLFO GRIMALDI CASTA;;;Scontro frontale/laterale DX fra veicoli in marcia;Rotatoria;Due carreggiate;Asciutto;Asfaltata;Verticale ed orizzontale;Sereno;Normale;Buona;Ore Diurne;0;0;0;3;12,28802;41,72933;-1;2;Autovettura privata;In marcia / fermata / arresto;Conducente;M;Illeso;0;;Non accertato;Inesploso
3260105;8;11/04/2017 07:40;Strada Urbana;VIA GIOVANNI CICALI;all'intersezione con;VIA COLLATINA;VIA COLLATINA;;;Scontro laterale fra veicoli in marcia;Rotatoria;Una carreggiata a senso unico di marcia;Asciutto;Asfaltata;Verticale;Sereno;Intenso;Buona;Ore Diurne;0;0;0;3;12,64976;41,91204;-1;1;Autovettura privata;In marcia / fermata / arresto;Conducente;F;Illeso;0;;Non accertato;Inesploso
3260105;8;11/04/2017 07:40;Strada Urbana;VIA GIOVANNI CICALI;all'intersezione con;VIA COLLATINA;VIA COLLATINA;;;Scontro laterale fra veicoli in marcia;Rotatoria;Una carreggiata a senso unico di marcia;Asciutto;Asfaltata;Verticale;Sereno;Intenso;Buona;Ore Diurne;0;0;0;3;12,64976;41,91204;-1;1;Autovettura privata;In marcia / fermata / arresto;Passeggero;F;Illeso;0;;Non accertato;Inesploso
3260105;8;11/04/2017 07:40;Strada Urbana;VIA GIOVANNI CICALI;all'intersezione con;VIA COLLATINA;VIA COLLATINA;;;Scontro laterale fra veicoli in marcia;Rotatoria;Una carreggiata a senso unico di marcia;Asciutto;Asfaltata;Verticale;Sereno;Intenso;Buona;Ore Diurne;0;0;0;3;12,64976;41,91204;-1;2;Motociclo a solo;In marcia / fermata / arresto;Conducente;M;Illeso;0;;Non accertato;
3260108;8;11/04/2017 06:55;Strada Urbana;VIA PRENESTINA;all'intersezione con;VIA AVOLA;VIA AVOLA;;;Scontro laterale fra veicoli in marcia;Incrocio;Una carreggiata a doppio senso;Asciutto;Asfaltata;Verticale;Sereno;Normale;Buona;Ore Diurne;0;0;0;2;12,65775;41,89151;-1;1;Autovettura privata;In marcia / fermata / arresto;Conducente;F;Illeso;0;;Non accertato;Inesploso
3260108;8;11/04/2017 06:55;Strada Urbana;VIA PRENESTINA;all'intersezione con;VIA AVOLA;VIA AVOLA;;;Scontro laterale fra veicoli in marcia;Incrocio;Una carreggiata a doppio senso;Asciutto;Asfaltata;Verticale;Sereno;Normale;Buona;Ore Diurne;0;0;0;2;12,65775;41,89151;-1;2;Motociclo a solo;In marcia / fermata / arresto;Conducente;M;Illeso;0;;Non accertato;
3260112;8;12/04/2017 00:15;Strada Urbana;VIA DEL FOSSO DI S. MAURA;da specificare;;;;prima V. delle Rondini dir PTV;Scontro laterale fra veicoli in marcia;Rettilineo;Due carreggiate;Asciutto;Asfaltata;Verticale ed orizzontale;Sereno;Scarso;Buona;Sufficiente;0;0;0;5;12,59469;41,85795;-1;1;Autobus di linea;In marcia / fermata / arresto;Conducente;M;Illeso;0;;Non accertato;Inesistente
3260112;8;12/04/2017 00:15;Strada Urbana;VIA DEL FOSSO DI S. MAURA;da specificare;;;;prima V. delle Rondini dir PTV;Scontro laterale fra veicoli in marcia;Rettilineo;Due carreggiate;Asciutto;Asfaltata;Verticale ed orizzontale;Sereno;Scarso;Buona;Sufficiente;0;0;0;5;12,59469;41,85795;-1;2;Autovettura privata;In marcia / fermata / arresto;Conducente;F;Illeso;0;;Non accertato;Inesploso
3260112;8;12/04/2017 00:15;Strada Urbana;VIA DEL FOSSO DI S. MAURA;da specificare;;;;prima V. delle Rondini dir PTV;Scontro laterale fra veicoli in marcia;Rettilineo;Due carreggiate;Asciutto;Asfaltata;Verticale ed orizzontale;Sereno;Scarso;Buona;Sufficiente;0;0;0;5;12,59469;41,85795;-1;2;Autovettura privata;In marcia / fermata / arresto;Passeggero;F;Illeso;0;;Non accertato;Inesploso
3260112;8;12/04/2017 00:15;Strada Urbana;VIA DEL FOSSO DI S. MAURA;da specificare;;;;prima V. delle Rondini dir PTV;Scontro laterale fra veicoli in marcia;Rettilineo;Due carreggiate;Asciutto;Asfaltata;Verticale ed orizzontale;Sereno;Scarso;Buona;Sufficiente;0;0;0;5;12,59469;41,85795;-1;2;Autovettura privata;In marcia / fermata / arresto;Passeggero;F;Illeso;0;;Non accertato;Inesploso
3260114;8;11/04/2017 11:00;Strada Urbana;VIALE DELLA SORBONA;da specificare;;;;INVERS. DI MARCIA V. STANFORD;Tamponamento;Curva a visuale libera;Una carreggiata a senso unico di marcia;Asciutto;Asfaltata;Verticale ed orizzontale;Sereno;Normale;Buona;Ore Diurne;1;0;0;3;12,612;41,8546;-1;1;Autovettura privata;In marcia / fermata / arresto;Conducente;F;Illeso;0;;Non accertato;Inesploso
3260114;8;11/04/2017 11:00;Strada Urbana;VIALE DELLA SORBONA;da specificare;;;;INVERS. DI MARCIA V. STANFORD;Tamponamento;Curva a visuale libera;Una carreggiata a senso unico di marcia;Asciutto;Asfaltata;Verticale ed orizzontale;Sereno;Normale;Buona;Ore Diurne;1;0;0;3;12,612;41,8546;-1;1;Autovettura privata;In marcia / fermata / arresto;Passeggero;F;Illeso;0;;Non accertato;Inesploso
3260114;8;11/04/2017 11:00;Strada Urbana;VIALE DELLA SORBONA;da specificare;;;;INVERS. DI MARCIA V. STANFORD;Tamponamento;Curva a visuale libera;Una carreggiata a senso unico di marcia;Asciutto;Asfaltata;Verticale ed orizzontale;Sereno;Normale;Buona;Ore Diurne;1;0;0;3;12,612;41,8546;-1;2;Autovettura privata;In marcia / fermata / arresto;Conducente;F;Rifiuta cure immediate;0;NON DECEDUTO;Non accertato;Inesploso
3260114;8;11/04/2017 11:00;Strada Urbana;VIALE DELLA SORBONA;da specificare;;;;INVERS. DI MARCIA V. STANFORD;Tamponamento;Curva a visuale libera;Una carreggiata a senso unico di marcia;Asciutto;Asfaltata;Verticale ed orizzontale;Sereno;Normale;Buona;Ore Diurne;1;0;0;3;12,612;41,8546;-1;2;Autovettura privata;In marcia / fermata / arresto;Passeggero;F;Illeso;0;;Non accertato;Inesploso
3260119;12;11/04/2017 18:00;Strada Urbana;VIALE DEGLI EROI DI CEFALONIA;in prossimità;;del civico n.;227;;Tamponamento Multiplo;Rettilineo;Una carreggiata a senso unico di marcia;Asciutto;Asfaltata;Verticale ed orizzontale;Sereno;Normale;Buona;Ore Diurne;1;0;0;2;12,43643;41,78399;-1;1;Autovettura privata;In marcia / fermata / arresto;Conducente;M;Illeso;0;;Non accertato;Inesploso
3260119;12;11/04/2017 18:00;Strada Urbana;VIALE DEGLI EROI DI CEFALONIA;in prossimità;;del civico n.;227;;Tamponamento Multiplo;Rettilineo;Una carreggiata a senso unico di marcia;Asciutto;Asfaltata;Verticale ed orizzontale;Sereno;Normale;Buona;Ore Diurne;1;0;0;2;12,43643;41,78399;-1;2;Motociclo a solo;In marcia / fermata / arresto;Conducente;M;Rimandato;0;NON DECEDUTO;Utilizzato;
3260119;12;11/04/2017 18:00;Strada Urbana;VIALE DEGLI EROI DI CEFALONIA;in prossimità;;del civico n.;227;;Tamponamento Multiplo;Rettilineo;Una carreggiata a senso unico di marcia;Asciutto;Asfaltata;Verticale ed orizzontale;Sereno;Normale;Buona;Ore Diurne;1;0;0;2;12,43643;41,78399;-1;3;Autovettura privata;In marcia / fermata / arresto;Conducente;M;Illeso;0;;Non accertato;Inesploso
3260122;20;11/04/2017 19:00;Strada Urbana;CORSO DI FRANCIA;in prossimità;;del civico n.;134;;Tamponamento;Rettilineo;Due carreggiate;Asciutto;Asfaltata;Orizzontale;Sereno;Intenso;Buona;Ore Diurne;0;0;0;2;12,47074;41,94225;-1;1;Motociclo a solo;In marcia / fermata / arresto;Conducente;M;Illeso;0;;Non accertato;
3260122;20;11/04/2017 19:00;Strada Urbana;CORSO DI FRANCIA;in prossimità;;del civico n.;134;;Tamponamento;Rettilineo;Due carreggiate;Asciutto;Asfaltata;Orizzontale;Sereno;Intenso;Buona;Ore Diurne;0;0;0;2;12,47074;41,94225;-1;2;Autovettura privata;In marcia / fermata / arresto;Conducente;M;Illeso;0;;Non accertato;
3260123;8;11/04/2017 16:30;Strada Urbana;VIALE DELLA SORBONA;in prossimità;;del palo luce n.;148;;Veicolo in marcia contro ostacolo fisso;Rettilineo;Due carreggiate;Asciutto;Asfaltata;Verticale ed orizzontale;Sereno;Normale;Buona;Ore Diurne;1;0;0;0;12,612;41,8546;-1;1;Autovettura privata;In marcia / fermata / arresto;Conducente;M;Rifiuta cure immediate;0;NON DECEDUTO;Non accertato;Inesploso
3260125;8;11/04/2017 16:50;Strada Urbana;VIA ALBERTO LUTHULI;in prossimità;;del civico n.;16;;Scontro laterale fra veicoli in marcia;Rettilineo;Una carreggiata a doppio senso;Asciutto;Asfaltata;Assente;Sereno;Scarso;Buona;Ore Diurne;0;0;0;2;12,67552;41,89341;-1;1;Autovettura privata;In marcia / fermata / arresto;Conducente;M;Illeso;0;;Non accertato;Inesploso
3260125;8;11/04/2017 16:50;Strada Urbana;VIA ALBERTO LUTHULI;in prossimità;;del civico n.;16;;Scontro laterale fra veicoli in marcia;Rettilineo;Una carreggiata a doppio senso;Asciutto;Asfaltata;Assente;Sereno;Scarso;Buona;Ore Diurne;0;0;0;2;12,67552;41,89341;-1;2;Autovettura privata;In marcia / fermata / arresto;Conducente;M;Illeso;0;;Non accertato;Inesploso
3260130;4;11/04/2017 12:30;Strada Urbana;VIA VALLE VIOLA;in corrispondenza;;del civico n.;23;;Scontro laterale fra veicoli in marcia;Rettilineo;Una carreggiata a senso unico di marcia;Asciutto;Asfaltata;Verticale;Sereno;Normale;Buona;Ore Diurne;0;0;0;2;12,52738;41,93596;-1;1;Autovettura privata;In marcia / fermata / arresto;Conducente;F;Illeso;0;;Non accertato;Inesploso
3260130;4;11/04/2017 12:30;Strada Urbana;VIA VALLE VIOLA;in corrispondenza;;del civico n.;23;;Scontro laterale fra veicoli in marcia;Rettilineo;Una carreggiata a senso unico di marcia;Asciutto;Asfaltata;Verticale;Sereno;Normale;Buona;Ore Diurne;0;0;0;2;12,52738;41,93596;-1;2;Autovettura privata;In marcia / fermata / arresto;Conducente;M;Illeso;0;;Non accertato;Inesploso
3260133;7;11/04/2017 07:40;Strada Urbana;VIA DI TOR CERVARA;all'intersezione con;VIA RAFFAELE COSTI;VIA RAFFAELE COSTI;;;Scontro frontale/laterale SX fra veicoli in marcia;Incrocio;Una carreggiata a doppio senso;Asciutto;Asfaltata;Verticale ed orizzontale;Sereno;Normale;Buona;Ore Diurne;0;0;0;2;12,58949;41,91841;-1;1;Autoarticolato;In marcia / fermata / arresto;Conducente;M;Illeso;0;;Non accertato;Inesploso
3260133;7;11/04/2017 07:40;Strada Urbana;VIA DI TOR CERVARA;all'intersezione con;VIA RAFFAELE COSTI;VIA RAFFAELE COSTI;;;Scontro frontale/laterale SX fra veicoli in marcia;Incrocio;Una carreggiata a doppio senso;Asciutto;Asfaltata;Verticale ed orizzontale;Sereno;Normale;Buona;Ore Diurne;0;0;0;2;12,58949;41,91841;-1;2;Autovettura privata;In marcia / fermata / arresto;Conducente;M;Illeso;0;;Non accertato;Inesploso
3260136;13;11/04/2017 18:00;Strada Urbana;VIA DI SAPONARA;da specificare;;;;in prossimità di Via R. Crippa;Veicolo in marcia contro ostacolo accidentale;Rettilineo;Una carreggiata a doppio senso;Asciutto;Con buche;Orizzontale;Sereno;Normale;Buona;Ore Diurne;0;0;0;2;12,34524;41,77414;-1;1;Autovettura privata;In marcia / fermata / arresto;Conducente;M;Illeso;0;;Non accertato;Inesploso
3260136;13;11/04/2017 18:00;Strada Urbana;VIA DI SAPONARA;da specificare;;;;in prossimità di Via R. Crippa;Veicolo in marcia contro ostacolo accidentale;Rettilineo;Una carreggiata a doppio senso;Asciutto;Con buche;Orizzontale;Sereno;Normale;Buona;Ore Diurne;0;0;0;2;12,34524;41,77414;-1;1;Autovettura privata;In marcia / fermata / arresto;Passeggero;F;Illeso;0;;Non accertato;Inesploso
3260144;4;11/04/2017 08:10;Strada Urbana;VIA DELLA BUFALOTTA;in corrispondenza;;del civico n.;997;;Tamponamento Multiplo;Rettilineo;Una carreggiata a doppio senso;Bagnato (umidità in atto);Asfaltata;Verticale;Sereno;Normale;Buona;Ore Diurne;1;0;0;2;12,55172;41,97401;-1;1;Autovettura privata;In marcia / fermata / arresto;Conducente;F;Rifiuta cure immediate;0;NON DECEDUTO;Non accertato;Inesploso
3260144;4;11/04/2017 08:10;Strada Urbana;VIA DELLA BUFALOTTA;in corrispondenza;;del civico n.;997;;Tamponamento Multiplo;Rettilineo;Una carreggiata a doppio senso;Bagnato (umidità in atto);Asfaltata;Verticale;Sereno;Normale;Buona;Ore Diurne;1;0;0;2;12,55172;41,97401;-1;2;Autovettura privata;In marcia / fermata / arresto;Conducente;M;Illeso;0;;Non accertato;Inesploso
3260144;4;11/04/2017 08:10;Strada Urbana;VIA DELLA BUFALOTTA;in corrispondenza;;del civico n.;997;;Tamponamento Multiplo;Rettilineo;Una carreggiata a doppio senso;Bagnato (umidità in atto);Asfaltata;Verticale;Sereno;Normale;Buona;Ore Diurne;1;0;0;2;12,55172;41,97401;-1;3;Autovettura privata;In marcia / fermata / arresto;Conducente;M;Illeso;0;;Non accertato;Inesploso
3260149;5;11/04/2017 08:10;Strada Urbana;VIA TIBURTINA;da specificare;;;;prossimità Via Casal dei Pazzi;Scontro laterale fra veicoli in marcia;Rettilineo;Una carreggiata a doppio senso;Asciutto;Asfaltata;Verticale ed orizzontale;Sereno;Normale;Buona;Ore Diurne;0;0;0;2;12,57134;41,92444;-1;1;Autoveicolo trasp.promisc.;In marcia / fermata / arresto;Conducente;M;Illeso;0;;Non accertato;Inesploso
3260149;5;11/04/2017 08:10;Strada Urbana;VIA TIBURTINA;da specificare;;;;prossimità Via Casal dei Pazzi;Scontro laterale fra veicoli in marcia;Rettilineo;Una carreggiata a doppio senso;Asciutto;Asfaltata;Verticale ed orizzontale;Sereno;Normale;Buona;Ore Diurne;0;0;0;2;12,57134;41,92444;-1;2;Autovettura privata;In marcia / fermata / arresto;Conducente;M;Illeso;0;;Non accertato;Inesploso
3260166;5;11/04/2017 10:35;Strada Urbana;VIA TIBURTINA;da specificare;;;;altezza Via di Tor Cervara;Scontro frontale/laterale SX fra veicoli in marcia;Rettilineo;Due carreggiate;Asciutto;Asfaltata;Verticale ed orizzontale;Sereno;Normale;Buona;Ore Diurne;0;0;0;2;12,58562;41,93245;-1;1;Autovettura privata;In marcia / fermata / arresto;Conducente;M;Illeso;0;;Non accertato;Inesploso
3260166;5;11/04/2017 10:35;Strada Urbana;VIA TIBURTINA;da specificare;;;;altezza Via di Tor Cervara;Scontro frontale/laterale SX fra veicoli in marcia;Rettilineo;Due carreggiate;Asciutto;Asfaltata;Verticale ed orizzontale;Sereno;Normale;Buona;Ore Diurne;0;0;0;2;12,58562;41,93245;-1;2;Autocarro inferiore 35 q.;In marcia / fermata / arresto;Conducente;M;Illeso;0;;Non accertato;Inesploso
3260175;5;11/04/2017 16:10;Strada Urbana;VIA DELLE CAVE DI PIETRALATA;da specificare;;;;altezza Via Olindo Malagodi;Investimento di pedone;Rettilineo;Una carreggiata a doppio senso;Asciutto;Asfaltata;Verticale ed orizzontale;Sereno;Normale;Buona;Ore Diurne;1;0;0;1;12,53684;41,9088;-1;;;;Pedone;M;Rimandato;0;NON DECEDUTO;;
3260175;5;11/04/2017 16:10;Strada Urbana;VIA DELLE CAVE DI PIETRALATA;da specificare;;;;altezza Via Olindo Malagodi;Investimento di pedone;Rettilineo;Una carreggiata a doppio senso;Asciutto;Asfaltata;Verticale ed orizzontale;Sereno;Normale;Buona;Ore Diurne;1;0;0;1;12,53684;41,9088;-1;1;Autovettura privata;In marcia / fermata / arresto;Conducente;F;Illeso;0;;Non accertato;Inesploso
3260179;11;11/04/2017 15:50;Strada Urbana;VIA ARDEATINA;da specificare;;;;sotto GRA;Scontro laterale fra veicoli in marcia;Rettilineo;Una carreggiata a doppio senso;Asciutto;Asfaltata;Orizzontale;Sereno;Intenso;Buona;Ore Diurne;0;0;0;2;12,53466;41,79722;-1;1;Autovettura privata;In marcia / fermata / arresto;Conducente;F;Illeso;0;;Non accertato;
3260179;11;11/04/2017 15:50;Strada Urbana;VIA ARDEATINA;da specificare;;;;sotto GRA;Scontro laterale fra veicoli in marcia;Rettilineo;Una carreggiata a doppio senso;Asciutto;Asfaltata;Orizzontale;Sereno;Intenso;Buona;Ore Diurne;0;0;0;2;12,53466;41,79722;-1;2;Autocarro superiore 35 q.;In marcia / fermata / arresto;Conducente;M;Illeso;0;;Non accertato;
3260184;15;11/04/2017 18:00;Comunale extraurbana;VIA BENIAMINO FIAMMA;all'intersezione con;VIA LUIGI MORANDI;VIA LUIGI MORANDI;;;Scontro laterale fra veicoli in marcia;Incrocio;Due carreggiate;Asciutto;Asfaltata;Verticale ed orizzontale;Sereno;Scarso;Buona;Ore Diurne;0;0;0;2;12,33519;41,80828;-1;1;Autovettura privata;In marcia / fermata / arresto;Conducente;F;Illeso;0;;Utilizzato;
3260184;15;11/04/2017 18:00;Comunale extraurbana;VIA BENIAMINO FIAMMA;all'intersezione con;VIA LUIGI MORANDI;VIA LUIGI MORANDI;;;Scontro laterale fra veicoli in marcia;Incrocio;Due carreggiate;Asciutto;Asfaltata;Verticale ed orizzontale;Sereno;Scarso;Buona;Ore Diurne;0;0;0;2;12,33519;41,80828;-1;2;Autovettura privata;In marcia / fermata / arresto;Conducente;M;Illeso;0;;Utilizzato;
3260192;11;11/04/2017 18:10;Strada Urbana;VIA CRISTOFORO COLOMBO;all'intersezione con;VIA LAURENTINA;VIA LAURENTINA;;;Scontro laterale fra veicoli in marcia;Intersezione semaforizzata;Più di due carreggiate;Asciutto;Asfaltata;Verticale ed orizzontale;Sereno;Intenso;Buona;Ore Diurne;0;0;0;4;12,47901;41,84615;-1;1;Autovettura privata;In marcia / fermata / arresto;Conducente;F;Illeso;0;;Non accertato;Inesploso
3260192;11;11/04/2017 18:10;Strada Urbana;VIA CRISTOFORO COLOMBO;all'intersezione con;VIA LAURENTINA;VIA LAURENTINA;;;Scontro laterale fra veicoli in marcia;Intersezione semaforizzata;Più di due carreggiate;Asciutto;Asfaltata;Verticale ed orizzontale;Sereno;Intenso;Buona;Ore Diurne;0;0;0;4;12,47901;41,84615;-1;2;Autovettura privata;In marcia / fermata / arresto;Conducente;M;Illeso;0;;Non accertato;Inesploso
3260192;11;11/04/2017 18:10;Strada Urbana;VIA CRISTOFORO COLOMBO;all'intersezione con;VIA LAURENTINA;VIA LAURENTINA;;;Scontro laterale fra veicoli in marcia;Intersezione semaforizzata;Più di due carreggiate;Asciutto;Asfaltata;Verticale ed orizzontale;Sereno;Intenso;Buona;Ore Diurne;0;0;0;4;12,47901;41,84615;-1;2;Autovettura privata;In marcia / fermata / arresto;Passeggero;F;Illeso;0;;Non accertato;Inesploso
3260192;11;11/04/2017 18:10;Strada Urbana;VIA CRISTOFORO COLOMBO;all'intersezione con;VIA LAURENTINA;VIA LAURENTINA;;;Scontro laterale fra veicoli in marcia;Intersezione semaforizzata;Più di due carreggiate;Asciutto;Asfaltata;Verticale ed orizzontale;Sereno;Intenso;Buona;Ore Diurne;0;0;0;4;12,47901;41,84615;-1;2;Autovettura privata;In marcia / fermata / arresto;Passeggero;F;Illeso;0;;Non accertato;Inesploso
3260195;4;11/04/2017 15:10;Statale entro l'abitato;VIA SALARIA;in prossimità;;del civico n.;741;;Scontro laterale fra veicoli in marcia;Rettilineo;Due carreggiate;Asciutto;Asfaltata;Orizzontale;Sereno;Normale;Buona;Ore Diurne;0;0;0;3;12,5055;41,94573;-1;1;Autovettura privata;In marcia / fermata / arresto;Conducente;M;Illeso;0;;;
3260195;4;11/04/2017 15:10;Statale entro l'abitato;VIA SALARIA;in prossimità;;del civico n.;741;;Scontro laterale fra veicoli in marcia;Rettilineo;Due carreggiate;Asciutto;Asfaltata;Orizzontale;Sereno;Normale;Buona;Ore Diurne;0;0;0;3;12,5055;41,94573;-1;2;Motociclo a solo;In marcia / fermata / arresto;Conducente;M;Illeso;0;;Non accertato;
3260195;4;11/04/2017 15:10;Statale entro l'abitato;VIA SALARIA;in prossimità;;del civico n.;741;;Scontro laterale fra veicoli in marcia;Rettilineo;Due carreggiate;Asciutto;Asfaltata;Orizzontale;Sereno;Normale;Buona;Ore Diurne;0;0;0;3;12,5055;41,94573;-1;3;Motociclo a solo;In marcia / fermata / arresto;Conducente;M;Illeso;0;;Non accertato;