Protocollo;Gruppo;DataOraIncidente;Localizzazione1;STRADA1;Localizzazione2;STRADA2;Strada02;Chilometrica;DaSpecificare;NaturaIncidente;particolaritastrade;TipoStrada;FondoStradale;Pavimentazione;Segnaletica;CondizioneAtmosferica;Traffico;Visibilita;Illuminazione;NUM_FERITI;NUM_RISERVATA;NUM_MORTI;NUM_ILLESI;Longitudine;Latitudine;Confermato;Progressivo;TipoVeicolo;StatoVeicolo;TipoPersona;Sesso;Tipolesione;Deceduto;DecedutoDopo;CinturaCascoUtilizzato;Airbag
3264725;13;14/04/2017 18:30;Strada Urbana;VIA DEL MARE;in corrispondenza;;della chilometrica;26.5;;Tamponamento Multiplo;Rettilineo;Una carreggiata a doppio senso;Asciutto;Asfaltata;Orizzontale;Sereno;Normale;Buona;Ore Diurne;0;0;0;3;12,46323;41,84026;-1;3;Autovettura privata;In marcia / fermata / arresto;Conducente;M;Illeso;0;;Non accertato;Inesploso
3264801;11;14/04/2017 10:55;Strada Urbana;PIAZZALE TOMMASO EDISON;all'intersezione semaforizzata con;VIALE GUGLIELMO MARCONI;VIALE GUGLIELMO MARCONI;;;Scontro laterale fra veicoli in marcia;Incrocio;Più di due carreggiate;Asciutto;Asfaltata;Verticale ed orizzontale;Sereno;Intenso;Buona;Ore Diurne;0;0;0;2;12,47113;41,85853;-1;1;Autovettura privata;In marcia / fermata / arresto;Conducente;M;Illeso;0;;Non accertato;
3264801;11;14/04/2017 10:55;Strada Urbana;PIAZZALE TOMMASO EDISON;all'intersezione semaforizzata con;VIALE GUGLIELMO MARCONI;VIALE GUGLIELMO MARCONI;;;Scontro laterale fra veicoli in marcia;Incrocio;Più di due carreggiate;Asciutto;Asfaltata;Verticale ed orizzontale;Sereno;Intenso;Buona;Ore Diurne;0;0;0;2;12,47113;41,85853;-1;2;Autocarro inferiore 35 q.;In marcia / fermata / arresto;Conducente;M;Illeso;0;;Non accertato;
3264803;11;14/04/2017 17:50;Strada Urbana;VIA CRISTOFORO COLOMBO;da specificare;;;;carreggiata laterale incrocio via Cilicia;Scontro frontale/laterale DX fra veicoli in marcia;Rettilineo;Più di due carreggiate;Asciutto;Asfaltata;Verticale ed orizzontale;Sereno;Intenso;Sufficiente;Ore Diurne;1;0;0;2;12,4965;41,87133;-1;1;Autovettura privata;In marcia / fermata / arresto;Conducente;M;Illeso;0;;;
3264803;11;14/04/2017 17:50;Strada Urbana;VIA CRISTOFORO COLOMBO;da specificare;;;;carreggiata laterale incrocio via Cilicia;Scontro frontale/laterale DX fra veicoli in marcia;Rettilineo;Più di due carreggiate;Asciutto;Asfaltata;Verticale ed orizzontale;Sereno;Intenso;Sufficiente;Ore Diurne;1;0;0;2;12,4965;41,87133;-1;2;Motociclo con passeggero;In marcia / fermata / arresto;Conducente;M;Illeso;0;;;
3264803;11;14/04/2017 17:50;Strada Urbana;VIA CRISTOFORO COLOMBO;da specificare;;;;carreggiata laterale incrocio via Cilicia;Scontro frontale/laterale DX fra veicoli in marcia;Rettilineo;Più di due carreggiate;Asciutto;Asfaltata;Verticale ed orizzontale;Sereno;Intenso;Sufficiente;Ore Diurne;1;0;0;2;12,4965;41,87133;-1;2;Motociclo con passeggero;In marcia / fermata / arresto;Passeggero;F;Rimandato;0;NON DECEDUTO;;
3264806;11;14/04/2017 14:30;Strada Urbana;VIA SILVIO D'AMICO;all'intersezione con;VIA DEL SANTUARIO REGINA DEGLI APOSTOLI;VIA DEL SANTUARIO REGINA DEGLI APOSTOLI;;;Scontro frontale/laterale DX fra veicoli in marcia;Incrocio;Due carreggiate;Asciutto;Asfaltata;Verticale ed orizzontale;Sereno;Normale;Buona;Ore Diurne;0;0;0;3;12,48098;41,85027;-1;1;Motociclo a solo;In marcia / fermata / arresto;Conducente;M;Illeso;0;;;
3264806;11;14/04/2017 14:30;Strada Urbana;VIA SILVIO D'AMICO;all'intersezione con;VIA DEL SANTUARIO REGINA DEGLI APOSTOLI;VIA DEL SANTUARIO REGINA DEGLI APOSTOLI;;;Scontro frontale/laterale DX fra veicoli in marcia;Incrocio;Due carreggiate;Asciutto;Asfaltata;Verticale ed orizzontale;Sereno;Normale;Buona;Ore Diurne;0;0;0;3;12,48098;41,85027;-1;2;Autovettura privata;In marcia / fermata / arresto;Conducente;M;Illeso;0;;;
3264806;11;14/04/2017 14:30;Strada Urbana;VIA SILVIO D'AMICO;all'intersezione con;VIA DEL SANTUARIO REGINA DEGLI APOSTOLI;VIA DEL SANTUARIO REGINA DEGLI APOSTOLI;;;Scontro frontale/laterale DX fra veicoli in marcia;Incrocio;Due carreggiate;Asciutto;Asfaltata;Verticale ed orizzontale;Sereno;Normale;Buona;Ore Diurne;0;0;0;3;12,48098;41,85027;-1;2;Autovettura privata;In marcia / fermata / arresto;Passeggero;F;Illeso;0;;;
3264812;13;14/04/2017 20:00;Strada Urbana;VIA DI PRATO CORNELIO;all'intersezione con;VIA GIUSEPPE PELLIZZA;VIA GIUSEPPE PELLIZZA;;;Investimento di pedone;Incrocio;Una carreggiata a doppio senso;Asciutto;Asfaltata;Assente;Sereno;Normale;Buona;Ore Diurne;1;0;0;1;12,36257;41,77377;-1;;;;Pedone;F;Rimandato;0;NON DECEDUTO;;
3264812;13;14/04/2017 20:00;Strada Urbana;VIA DI PRATO CORNELIO;all'intersezione con;VIA GIUSEPPE PELLIZZA;VIA GIUSEPPE PELLIZZA;;;Investimento di pedone;Incrocio;Una carreggiata a doppio senso;Asciutto;Asfaltata;Assente;Sereno;Normale;Buona;Ore Diurne;1;0;0;1;12,36257;41,77377;-1;1;Autovettura privata;In marcia / fermata / arresto;Conducente;F;Illeso;0;;Non accertato;Inesploso
3264899;1;12/04/2017 08:45;Strada Urbana;VIA BALILLA;in prossimità;;del civico n.;21/A;;Veicolo in marcia contro ostacolo fisso;Rettilineo;Una carreggiata a senso unico di marcia;Asciutto;Asfaltata;Verticale ed orizzontale;Sereno;Scarso;Buona;Ore Diurne;0;0;0;1;12,51219;41,89304;-1;1;Autovettura privata;In marcia / fermata / arresto;Conducente;F;Illeso;0;;Utilizzato;Inesploso
3264926;1;14/04/2017 17:00;Strada Urbana;VIALE DELLE TERME DI CARACALLA;in prossimità;;del palo luce n.;97;;Scontro laterale fra veicoli in marcia;Rettilineo;Una carreggiata a doppio senso;Asciutto;Asfaltata;Verticale ed orizzontale;Sereno;Normale;Buona;Ore Diurne;0;0;0;3;12,4952;41,8785;-1;1;Autovettura privata;In marcia / fermata / arresto;Conducente;M;Illeso;0;;;
3264926;1;14/04/2017 17:00;Strada Urbana;VIALE DELLE TERME DI CARACALLA;in prossimità;;del palo luce n.;97;;Scontro laterale fra veicoli in marcia;Rettilineo;Una carreggiata a doppio senso;Asciutto;Asfaltata;Verticale ed orizzontale;Sereno;Normale;Buona;Ore Diurne;0;0;0;3;12,4952;41,8785;-1;1;Autovettura privata;In marcia / fermata / arresto;Passeggero;M;Illeso;0;;;
3264926;1;14/04/2017 17:00;Strada Urbana;VIALE DELLE TERME DI CARACALLA;in prossimità;;del palo luce n.;97;;Scontro laterale fra veicoli in marcia;Rettilineo;Una carreggiata a doppio senso;Asciutto;Asfaltata;Verticale ed orizzontale;Sereno;Normale;Buona;Ore Diurne;0;0;0;3;12,4952;41,8785;-1;2;Autocarro inferiore 35 q.;In marcia / fermata / arresto;Conducente;M;Illeso;0;;;Esploso
3264931;20;14/04/2017 10:45;Strada Urbana;VIA DEL FORO ITALICO;in prossimità;;del palo luce n.;229;;Tamponamento Multiplo;Rettilineo;Due carreggiate;Asciutto;Asfaltata;Verticale ed orizzontale;Sereno;Normale;Buona;Ore Diurne;1;0;0;5;12,48375;41,93991;-1;1;Autovettura privata;In marcia / fermata / arresto;Conducente;F;Rimandato;0;NON DECEDUTO;Non accertato;
3264931;20;14/04/2017 10:45;Strada Urbana;VIA DEL FORO ITALICO;in prossimità;;del palo luce n.;229;;Tamponamento Multiplo;Rettilineo;Due carreggiate;Asciutto;Asfaltata;Verticale ed orizzontale;Sereno;Normale;Buona;Ore Diurne;1;0;0;5;12,48375;41,93991;-1;2;Autovettura privata;In marcia / fermata / arresto;Conducente;M;Illeso;0;;Non accertato;
3264931;20;14/04/2017 10:45;Strada Urbana;VIA DEL FORO ITALICO;in prossimità;;del palo luce n.;229;;Tamponamento Multiplo;Rettilineo;Due carreggiate;Asciutto;Asfaltata;Verticale ed orizzontale;Sereno;Normale;Buona;Ore Diurne;1;0;0;5;12,48375;41,93991;-1;3;Autovettura privata;In marcia / fermata / arresto;Conducente;F;Illeso;0;;Non accertato;
3264931;20;14/04/2017 10:45;Strada Urbana;VIA DEL FORO ITALICO;in prossimità;;del palo luce n.;229;;Tamponamento Multiplo;Rettilineo;Due carreggiate;Asciutto;Asfaltata;Verticale ed orizzontale;Sereno;Normale;Buona;Ore Diurne;1;0;0;5;12,48375;41,93991;-1;3;Autovettura privata;In marcia / fermata / arresto;Passeggero;F;Illeso;0;;;
3264931;20;14/04/2017 10:45;Strada Urbana;VIA DEL FORO ITALICO;in prossimità;;del palo luce n.;229;;Tamponamento Multiplo;Rettilineo;Due carreggiate;Asciutto;Asfaltata;Verticale ed orizzontale;Sereno;Normale;Buona;Ore Diurne;1;0;0;5;12,48375;41,93991;-1;4;Autovettura privata;In marcia / fermata / arresto;Conducente;M;Illeso;0;;Non accertato;
3264931;20;14/04/2017 10:45;Strada Urbana;VIA DEL FORO ITALICO;in prossimità;;del palo luce n.;229;;Tamponamento Multiplo;Rettilineo;Due carreggiate;Asciutto;Asfaltata;Verticale ed orizzontale;Sereno;Normale;Buona;Ore Diurne;1;0;0;5;12,48375;41,93991;-1;4;Autovettura privata;In marcia / fermata / arresto;Passeggero;F;Illeso;0;;Non accertato;
3264941;20;14/04/2017 13:40;Regionale;VIA FLAMINIA;da specificare;;;;via Flaminia dir. centro svincolo Saxa Rubra;Tamponamento;Rettilineo;Due carreggiate;Asciutto;Asfaltata;Verticale ed orizzontale;Sereno;Normale;Buona;Ore Diurne;1;0;0;1;12,49363;41,98111;-1;1;Autovettura privata;In marcia / fermata / arresto;Conducente;M;Illeso;0;;Non accertato;
3264941;20;14/04/2017 13:40;Regionale;VIA FLAMINIA;da specificare;;;;via Flaminia dir. centro svincolo Saxa Rubra;Tamponamento;Rettilineo;Due carreggiate;Asciutto;Asfaltata;Verticale ed orizzontale;Sereno;Normale;Buona;Ore Diurne;1;0;0;1;12,49363;41,98111;-1;2;Velocipede;In marcia / fermata / arresto;Conducente;M;Rimandato;0;NON DECEDUTO;Esente;
3264944;2;13/04/2017 14:30;Strada Urbana;VIALE ERITREA;in corrispondenza;;del civico n.;73;;Veicolo in marcia contro veicolo in sosta;Rettilineo;Più di due carreggiate;Asciutto;Asfaltata;Verticale ed orizzontale;Sereno;Normale;Buona;Ore Diurne;0;0;0;1;12,51554;41,92683;-1;2;Autovettura privata;In marcia / fermata / arresto;Conducente;F;Illeso;0;;Non accertato;Inesploso
3264947;1;14/04/2017 16:00;Strada Urbana;VIA GALVANI;in prossimità;;del civico n.;6;;Infortunio per sola frenata improvvisa;Rettilineo;Una carreggiata a doppio senso;Asciutto;Asfaltata;Verticale;Sereno;Normale;Buona;Ore Diurne;1;0;0;0;12,47768;41,87799;-1;1;Motociclo a solo;In marcia / fermata / arresto;Conducente;M;Rimandato;0;NON DECEDUTO;;
3264958;2;13/04/2017 12:20;Strada Urbana;PIAZZALE BRASILE;da specificare;;;;alt. mura aureliane direzione Via Veneto;Ribaltamento senza urto contro ostacolo fisso;Curva a visuale libera;Più di due carreggiate;Viscido da liquidi oleosi;Asfaltata;Verticale ed orizzontale;Sereno;Normale;Buona;Ore Diurne;1;0;0;0;12,48875;41,90958;-1;1;Motociclo a solo;In marcia / fermata / arresto;Conducente;F;Rifiuta cure immediate;0;NON DECEDUTO;Non accertato;
3264979;2;13/04/2017 22:30;Strada Urbana;LUNGOTEVERE ARNALDO DA BRESCIA;in prossimità;;del civico n.;2;;Scontro frontale/laterale SX fra veicoli in marcia;Rettilineo;Una carreggiata a senso unico di marcia;Asciutto;Asfaltata;Verticale ed orizzontale;Sereno;Normale;Buona;Sufficiente;1;0;0;1;12,47196;41,91355;-1;1;Motociclo a solo;In marcia / fermata / arresto;Conducente;M;Rifiuta cure immediate;0;NON DECEDUTO;;
3264979;2;13/04/2017 22:30;Strada Urbana;LUNGOTEVERE ARNALDO DA BRESCIA;in prossimità;;del civico n.;2;;Scontro frontale/laterale SX fra veicoli in marcia;Rettilineo;Una carreggiata a senso unico di marcia;Asciutto;Asfaltata;Verticale ed orizzontale;Sereno;Normale;Buona;Sufficiente;1;0;0;1;12,47196;41,91355;-1;2;Ciclomotore;In marcia / fermata / arresto;Conducente;M;Illeso;0;;;
3264980;7;14/04/2017 18:40;Strada Urbana;VIALE PALMIRO TOGLIATTI;da specificare;;;;pross. intersezione v.le dei Romanisti;Investimento di pedone;Rettilineo;Più di due carreggiate;Asciutto;Asfaltata;Verticale ed orizzontale;Sereno;Intenso;Buona;Ore Diurne;2;0;0;1;12,57337;41,88719;-1;;;;Pedone;M;Ricoverato;0;NON DECEDUTO;;
3264980;7;14/04/2017 18:40;Strada Urbana;VIALE PALMIRO TOGLIATTI;da specificare;;;;pross. intersezione v.le dei Romanisti;Investimento di pedone;Rettilineo;Più di due carreggiate;Asciutto;Asfaltata;Verticale ed orizzontale;Sereno;Intenso;Buona;Ore Diurne;2;0;0;1;12,57337;41,88719;-1;1;Motociclo a solo;In marcia / fermata / arresto;Conducente;M;Rimandato;0;NON DECEDUTO;;
3264980;7;14/04/2017 18:40;Strada Urbana;VIALE PALMIRO TOGLIATTI;da specificare;;;;pross. intersezione v.le dei Romanisti;Investimento di pedone;Rettilineo;Più di due carreggiate;Asciutto;Asfaltata;Verticale ed orizzontale;Sereno;Intenso;Buona;Ore Diurne;2;0;0;1;12,57337;41,88719;-1;1;Motociclo a solo;In marcia / fermata / arresto;Passeggero;M;Illeso;0;;;
3265008;17;15/04/2017 06:40;Strada Urbana;VIALE GIUSEPPE MAZZINI;all'intersezione con;VIA TOMMASO GULLI;VIA TOMMASO GULLI;;;Ribaltamento senza urto contro ostacolo fisso;Incrocio;Due carreggiate;Viscido da liquidi oleosi;Asfaltata;Verticale ed orizzontale;Sereno;Scarso;Buona;Ore Diurne;1;0;0;0;12,46264;41,91577;-1;1;Motociclo a solo;In marcia / fermata / arresto;Conducente;M;Rimandato;0;NON DECEDUTO;;
3265016;20;14/04/2017 10:48;Strada Urbana;VIA DEL FORO ITALICO;in prossimità;;del palo luce n.;90;;Tamponamento Multiplo;Rettilineo;Due carreggiate;Asciutto;Asfaltata;Verticale ed orizzontale;Sereno;Normale;Buona;Ore Diurne;0;0;0;5;12,48375;41,93991;-1;1;Autovettura privata;In marcia / fermata / arresto;Conducente;F;Illeso;0;;Non accertato;
3265016;20;14/04/2017 10:48;Strada Urbana;VIA DEL FORO ITALICO;in prossimità;;del palo luce n.;90;;Tamponamento Multiplo;Rettilineo;Due carreggiate;Asciutto;Asfaltata;Verticale ed orizzontale;Sereno;Normale;Buona;Ore Diurne;0;0;0;5;12,48375;41,93991;-1;2;Autovettura privata;In marcia / fermata / arresto;Conducente;M;Illeso;0;;Non accertato;Inesploso
3265016;20;14/04/2017 10:48;Strada Urbana;VIA DEL FORO ITALICO;in prossimità;;del palo luce n.;90;;Tamponamento Multiplo;Rettilineo;Due carreggiate;Asciutto;Asfaltata;Verticale ed orizzontale;Sereno;Normale;Buona;Ore Diurne;0;0;0;5;12,48375;41,93991;-1;2;Autovettura privata;In marcia / fermata / arresto;Passeggero;F;Illeso;0;;Non accertato;
3265016;20;14/04/2017 10:48;Strada Urbana;VIA DEL FORO ITALICO;in prossimità;;del palo luce n.;90;;Tamponamento Multiplo;Rettilineo;Due carreggiate;Asciutto;Asfaltata;Verticale ed orizzontale;Sereno;Normale;Buona;Ore Diurne;0;0;0;5;12,48375;41,93991;-1;3;Autovettura privata;In marcia / fermata / arresto;Conducente;M;Illeso;0;;Non accertato;Inesploso
3265016;20;14/04/2017 10:48;Strada Urbana;VIA DEL FORO ITALICO;in prossimità;;del palo luce n.;90;;Tamponamento Multiplo;Rettilineo;Due carreggiate;Asciutto;Asfaltata;Verticale ed orizzontale;Sereno;Normale;Buona;Ore Diurne;0;0;0;5;12,48375;41,93991;-1;3;Autovettura privata;In marcia / fermata / arresto;Passeggero;F;Illeso;0;;Non accertato;
3265079;18;15/04/2017 07:35;Strada Urbana;VIA GIOVANNI DOMENICO PARACCIANI;all'intersezione con;VIA CARDINALE OREGLIA;VIA CARDINALE OREGLIA;;;Veicolo in marcia contro veicolo in sosta;Incrocio;Una carreggiata a senso unico di marcia;Asciutto;Asfaltata;Verticale ed orizzontale;Sereno;Normale;Buona;Ore Diurne;0;0;0;1;12,42396;41,90451;-1;1;Autovettura privata;In marcia / fermata / arresto;Conducente;M;Illeso;0;;;
3265152;20;14/04/2017 10:40;Strada Urbana;VIA DEL FORO ITALICO;da specificare;;;;GALLERIA GIVANNI XXII°;Tamponamento;Rettilineo;Due carreggiate;Asciutto;Asfaltata;Verticale ed orizzontale;Sereno;Normale;Buona;Ore Diurne;0;0;0;4;12,45981;41,93997;-1;1;Autovettura privata;In marcia / fermata / arresto;Conducente;M;Illeso;0;;Non accertato;
3265152;20;14/04/2017 10:40;Strada Urbana;VIA DEL FORO ITALICO;da specificare;;;;GALLERIA GIVANNI XXII°;Tamponamento;Rettilineo;Due carreggiate;Asciutto;Asfaltata;Verticale ed orizzontale;Sereno;Normale;Buona;Ore Diurne;0;0;0;4;12,45981;41,93997;-1;2;Autovettura privata;In marcia / fermata / arresto;Conducente;M;Illeso;0;;Non accertato;
3265152;20;14/04/2017 10:40;Strada Urbana;VIA DEL FORO ITALICO;da specificare;;;;GALLERIA GIVANNI XXII°;Tamponamento;Rettilineo;Due carreggiate;Asciutto;Asfaltata;Verticale ed orizzontale;Sereno;Normale;Buona;Ore Diurne;0;0;0;4;12,45981;41,93997;-1;2;Autovettura privata;In marcia / fermata / arresto;Passeggero;M;Illeso;0;;Non accertato;
3265152;20;14/04/2017 10:40;Strada Urbana;VIA DEL FORO ITALICO;da specificare;;;;GALLERIA GIVANNI XXII°;Tamponamento;Rettilineo;Due carreggiate;Asciutto;Asfaltata;Verticale ed orizzontale;Sereno;Normale;Buona;Ore Diurne;0;0;0;4;12,45981;41,93997;-1;2;Autovettura privata;In marcia / fermata / arresto;Passeggero;M;Illeso;0;;Non accertato;
3265239;17;15/04/2017 10:50;Strada Urbana;VIA GIUSEPPE DI BARTOLO;all'intersezione con;VIA ANASTASIO II;VIA ANASTASIO II;;;Scontro laterale fra veicoli in marcia;Incrocio;Una carreggiata a doppio senso;Asciutto;Asfaltata;Verticale ed orizzontale;Sereno;Normale;Buona;Ore Diurne;0;0;0;6;12,44371;41,90364;-1;1;Autocarro inferiore 35 q.;In marcia / fermata / arresto;Conducente;M;Illeso;0;;Non accertato;Inesploso
3265239;17;15/04/2017 10:50;Strada Urbana;VIA GIUSEPPE DI BARTOLO;all'intersezione con;VIA ANASTASIO II;VIA ANASTASIO II;;;Scontro laterale fra veicoli in marcia;Incrocio;Una carreggiata a doppio senso;Asciutto;Asfaltata;Verticale ed orizzontale;Sereno;Normale;Buona;Ore Diurne;0;0;0;6;12,44371;41,90364;-1;2;Autovettura privata;In marcia / fermata / arresto;Conducente;M;Illeso;0;;Non accertato;Inesploso
3265239;17;15/04/2017 10:50;Strada Urbana;VIA GIUSEPPE DI BARTOLO;all'intersezione con;VIA ANASTASIO II;VIA ANASTASIO II;;;Scontro laterale fra veicoli in marcia;Incrocio;Una carreggiata a doppio senso;Asciutto;Asfaltata;Verticale ed orizzontale;Sereno;Normale;Buona;Ore Diurne;0;0;0;6;12,44371;41,90364;-1;2;Autovettura privata;In marcia / fermata / arresto;Passeggero;M;Illeso;0;;Non accertato;Inesploso
3265239;17;15/04/2017 10:50;Strada Urbana;VIA GIUSEPPE DI BARTOLO;all'intersezione con;VIA ANASTASIO II;VIA ANASTASIO II;;;Scontro laterale fra veicoli in marcia;Incrocio;Una carreggiata a doppio senso;Asciutto;Asfaltata;Verticale ed orizzontale;Sereno;Normale;Buona;Ore Diurne;0;0;0;6;12,44371;41,90364;-1;2;Autovettura privata;In marcia / fermata / arresto;Passeggero;F;Illeso;0;;Non accertato;Inesploso
3265239;17;15/04/2017 10:50;Strada Urbana;VIA GIUSEPPE DI BARTOLO;all'intersezione con;VIA ANASTASIO II;VIA ANASTASIO II;;;Scontro laterale fra veicoli in marcia;Incrocio;Una carreggiata a doppio senso;Asciutto;Asfaltata;Verticale ed orizzontale;Sereno;Normale;Buona;Ore Diurne;0;0;0;6;12,44371;41,90364;-1;2;Autovettura privata;In marcia / fermata / arresto;Passeggero;F;Illeso;0;;Non accertato;Inesploso
3265239;17;15/04/2017 10:50;Strada Urbana;VIA GIUSEPPE DI BARTOLO;all'intersezione con;VIA ANASTASIO II;VIA ANASTASIO II;;;Scontro laterale fra veicoli in marcia;Incrocio;Una carreggiata a doppio senso;Asciutto;Asfaltata;Verticale ed orizzontale;Sereno;Normale;Buona;Ore Diurne;0;0;0;6;12,44371;41,90364;-1;2;Autovettura privata;In marcia / fermata / arresto;Passeggero;F;Illeso;0;;Non accertato;Inesploso
3265334;15;14/04/2017 13:20;Strada Urbana;VIA DELLA MAGLIANA;da specificare;;;;pross.tà fornte palo Acea 165;Scontro frontale/laterale SX fra veicoli in marcia;Rettilineo;Una carreggiata a doppio senso;Asciutto;Asfaltata;Verticale ed orizzontale;Sereno;Normale;Buona;Ore Diurne;2;0;0;1;12,4243;41,83404;-1;1;Autovettura privata;In marcia / fermata / arresto;Conducente;F;Rifiuta cure immediate;0;NON DECEDUTO;Utilizzato;
3265334;15;14/04/2017 13:20;Strada Urbana;VIA DELLA MAGLIANA;da specificare;;;;pross.tà fornte palo Acea 165;Scontro frontale/laterale SX fra veicoli in marcia;Rettilineo;Una carreggiata a doppio senso;Asciutto;Asfaltata;Verticale ed orizzontale;Sereno;Normale;Buona;Ore Diurne;2;0;0;1;12,4243;41,83404;-1;1;Autovettura privata;In marcia / fermata / arresto;Passeggero;F;Illeso;0;;Utilizzato;
3265334;15;14/04/2017 13:20;Strada Urbana;VIA DELLA MAGLIANA;da specificare;;;;pross.tà fornte palo Acea 165;Scontro frontale/laterale SX fra veicoli in marcia;Rettilineo;Una carreggiata a doppio senso;Asciutto;Asfaltata;Verticale ed orizzontale;Sereno;Normale;Buona;Ore Diurne;2;0;0;1;12,4243;41,83404;-1;2;Autovettura privata;In marcia / fermata / arresto;Conducente;M;Rimandato;0;NON DECEDUTO;Utilizzato;
3265340;15;14/04/2017 08:50;Strada Urbana;VIA DEL MONTE DELLE CAPRE;in corrispondenza;;del civico n.;23;;Investimento di pedone;Rettilineo;Una carreggiata a doppio senso;Asciutto;Asfaltata;Verticale;Sereno;Normale;Buona;Ore Diurne;1;0;0;1;12,43374;41,84454;-1;;;;Pedone;F;Rimandato;0;NON DECEDUTO;;
3265340;15;14/04/2017 08:50;Strada Urbana;VIA DEL MONTE DELLE CAPRE;in corrispondenza;;del civico n.;23;;Investimento di pedone;Rettilineo;Una carreggiata a doppio senso;Asciutto;Asfaltata;Verticale;Sereno;Normale;Buona;Ore Diurne;1;0;0;1;12,43374;41,84454;-1;1;Motociclo a solo;In marcia / fermata / arresto;Conducente;M;Illeso;0;;Utilizzato;
3265354;12;15/04/2017 13:00;Strada Urbana;VIA ARDEATINA;all'intersezione semaforizzata con;VIA DI SPREGAMORE;VIA DI SPREGAMORE;;;Scontro laterale fra veicoli in marcia;Intersezione semaforizzata;Una carreggiata a doppio senso;Asciutto;Asfaltata;Verticale ed orizzontale;Sereno;Normale;Buona;Ore Diurne;0;0;0;3;12,56072;41,74837;-1;1;Autovettura privata;In marcia / fermata / arresto;Conducente;F;Illeso;0;;Utilizzato;Inesploso
3265354;12;15/04/2017 13:00;Strada Urbana;VIA ARDEATINA;all'intersezione semaforizzata con;VIA DI SPREGAMORE;VIA DI SPREGAMORE;;;Scontro laterale fra veicoli in marcia;Intersezione semaforizzata;Una carreggiata a doppio senso;Asciutto;Asfaltata;Verticale ed orizzontale;Sereno;Normale;Buona;Ore Diurne;0;0;0;3;12,56072;41,74837;-1;1;Autovettura privata;In marcia / fermata / arresto;Passeggero;M;Illeso;0;;Utilizzato;Inesploso
3265354;12;15/04/2017 13:00;Strada Urbana;VIA ARDEATINA;all'intersezione semaforizzata con;VIA DI SPREGAMORE;VIA DI SPREGAMORE;;;Scontro laterale fra veicoli in marcia;Intersezione semaforizzata;Una carreggiata a doppio senso;Asciutto;Asfaltata;Verticale ed orizzontale;Sereno;Normale;Buona;Ore Diurne;0;0;0;3;12,56072;41,74837;-1;2;Autocarro inferiore 35 q.;In marcia / fermata / arresto;Conducente;M;Illeso;0;;Utilizzato;Inesploso
3265388;6;14/04/2017 20:15;Strada Urbana;VIA PRENESTINA;da specificare;;;;altezza via Manfredonia;Scontro frontale/laterale SX fra veicoli in marcia;Rettilineo;Una carreggiata a doppio senso;Asciutto;Asfaltata;Verticale ed orizzontale;Sereno;Normale;Sufficiente;Sufficiente;1;0;0;1;12,57704;41,89441;-1;1;Autovettura privata;In marcia / fermata / arresto;Conducente;M;Illeso;0;;Non accertato;Inesploso
3265388;6;14/04/2017 20:15;Strada Urbana;VIA PRENESTINA;da specificare;;;;altezza via Manfredonia;Scontro frontale/laterale SX fra veicoli in marcia;Rettilineo;Una carreggiata a doppio senso;Asciutto;Asfaltata;Verticale ed orizzontale;Sereno;Normale;Sufficiente;Sufficiente;1;0;0;1;12,57704;41,89441;-1;2;Motociclo a solo;In marcia / fermata / arresto;Conducente;M;Rifiuta cure immediate;0;NON DECEDUTO;Non accertato;
3265419;6;15/04/2017 11:35;Strada Urbana;VIA CARLO DELLA ROCCA;da specificare;;;;fronte civico 71;Scontro frontale/laterale SX fra veicoli in marcia;Rettilineo;Una carreggiata a senso unico di marcia;Asciutto;Asfaltata;Verticale ed orizzontale;Sereno;Scarso;Buona;Ore Diurne;0;0;0;4;12,54365;41,87641;-1;1;Autocarro inferiore 35 q.;In marcia / fermata / arresto;Conducente;M;Illeso;0;;;
3265419;6;15/04/2017 11:35;Strada Urbana;VIA CARLO DELLA ROCCA;da specificare;;;;fronte civico 71;Scontro frontale/laterale SX fra veicoli in marcia;Rettilineo;Una carreggiata a senso unico di marcia;Asciutto;Asfaltata;Verticale ed orizzontale;Sereno;Scarso;Buona;Ore Diurne;0;0;0;4;12,54365;41,87641;-1;1;Autocarro inferiore 35 q.;In marcia / fermata / arresto;Passeggero;F;Illeso;0;;;
3265419;6;15/04/2017 11:35;Strada Urbana;VIA CARLO DELLA ROCCA;da specificare;;;;fronte civico 71;Scontro frontale/laterale SX fra veicoli in marcia;Rettilineo;Una carreggiata a senso unico di marcia;Asciutto;Asfaltata;Verticale ed orizzontale;Sereno;Scarso;Buona;Ore Diurne;0;0;0;4;12,54365;41,87641;-1;2;Autovettura privata;In marcia / fermata / arresto;Conducente;M;Illeso;0;;;
3265419;6;15/04/2017 11:35;Strada Urbana;VIA CARLO DELLA ROCCA;da specificare;;;;fronte civico 71;Scontro frontale/laterale SX fra veicoli in marcia;Rettilineo;Una carreggiata a senso unico di marcia;Asciutto;Asfaltata;Verticale ed orizzontale;Sereno;Scarso;Buona;Ore Diurne;0;0;0;4;12,54365;41,87641;-1;2;Autovettura privata;In marcia / fermata / arresto;Passeggero;F;Illeso;0;;;