Protocollo;Gruppo;DataOraIncidente;Localizzazione1;STRADA1;Localizzazione2;STRADA2;Strada02;Chilometrica;DaSpecificare;NaturaIncidente;particolaritastrade;TipoStrada;FondoStradale;Pavimentazione;Segnaletica;CondizioneAtmosferica;Traffico;Visibilita;Illuminazione;NUM_FERITI;NUM_RISERVATA;NUM_MORTI;NUM_ILLESI;Longitudine;Latitudine;Confermato;Progressivo;TipoVeicolo;StatoVeicolo;TipoPersona;Sesso;Tipolesione;Deceduto;DecedutoDopo;CinturaCascoUtilizzato;Airbag
3265780;6;16/04/2017 02:30;Strada Urbana;VIA TIBURTINA;da specificare;;;;altezza circonvallazione Tiburtina direzione GRA;Scontro frontale/laterale SX fra veicoli in marcia;Rettilineo;Una carreggiata a doppio senso;Asciutto;Asfaltata;Verticale ed orizzontale;Sereno;Scarso;Sufficiente;Sufficiente;0;0;0;4;12,53257;41,90403;-1;1;Autovettura privata;In marcia / fermata / arresto;Conducente;M;Illeso;0;;;
3265780;6;16/04/2017 02:30;Strada Urbana;VIA TIBURTINA;da specificare;;;;altezza circonvallazione Tiburtina direzione GRA;Scontro frontale/laterale SX fra veicoli in marcia;Rettilineo;Una carreggiata a doppio senso;Asciutto;Asfaltata;Verticale ed orizzontale;Sereno;Scarso;Sufficiente;Sufficiente;0;0;0;4;12,53257;41,90403;-1;1;Autovettura privata;In marcia / fermata / arresto;Passeggero;M;Illeso;0;;;
3265780;6;16/04/2017 02:30;Strada Urbana;VIA TIBURTINA;da specificare;;;;altezza circonvallazione Tiburtina direzione GRA;Scontro frontale/laterale SX fra veicoli in marcia;Rettilineo;Una carreggiata a doppio senso;Asciutto;Asfaltata;Verticale ed orizzontale;Sereno;Scarso;Sufficiente;Sufficiente;0;0;0;4;12,53257;41,90403;-1;2;Autovettura privata;In marcia / fermata / arresto;Conducente;M;Illeso;0;;;
3265780;6;16/04/2017 02:30;Strada Urbana;VIA TIBURTINA;da specificare;;;;altezza circonvallazione Tiburtina direzione GRA;Scontro frontale/laterale SX fra veicoli in marcia;Rettilineo;Una carreggiata a doppio senso;Asciutto;Asfaltata;Verticale ed orizzontale;Sereno;Scarso;Sufficiente;Sufficiente;0;0;0;4;12,53257;41,90403;-1;2;Autovettura privata;In marcia / fermata / arresto;Passeggero;F;Illeso;0;;;
3265810;6;16/04/2017 08:25;Strada Urbana;VIALE DELLA PRIMAVERA;da specificare;;;;fronte civico 61;Veicolo in marcia contro veicoli in sosta;Rettilineo;Due carreggiate;Asciutto;Asfaltata;Orizzontale;Sereno;Scarso;Buona;Ore Diurne;1;0;0;0;12,56044;41,88146;-1;1;Autovettura privata;In marcia / fermata / arresto;Conducente;M;Ricoverato;0;NON DECEDUTO;;Esploso
3265846;9;14/04/2017 20:00;;VIA DOMODOSSOLA;da specificare;;;;PROSS. 29;Veicolo in marcia contro veicolo in sosta;;;;;;;;;;0;0;0;1;12,71216;41,5504;0;1;Autovettura privata;In marcia / fermata / arresto;Conducente;F;Illeso;0;;;
3265847;20;15/04/2017 15:00;Strada Urbana;CORSO DI FRANCIA;in corrispondenza;;del civico n.;117;;Tamponamento;Rettilineo;Due carreggiate;Asciutto;Asfaltata;Verticale ed orizzontale;Sereno;Normale;Sufficiente;Ore Diurne;1;0;0;2;12,47062;41,94188;-1;1;Motociclo con passeggero;In marcia / fermata / arresto;Conducente;M;Illeso;0;;;
3265847;20;15/04/2017 15:00;Strada Urbana;CORSO DI FRANCIA;in corrispondenza;;del civico n.;117;;Tamponamento;Rettilineo;Due carreggiate;Asciutto;Asfaltata;Verticale ed orizzontale;Sereno;Normale;Sufficiente;Ore Diurne;1;0;0;2;12,47062;41,94188;-1;1;Motociclo con passeggero;In marcia / fermata / arresto;Passeggero;F;Rimandato;0;NON DECEDUTO;;
3265847;20;15/04/2017 15:00;Strada Urbana;CORSO DI FRANCIA;in corrispondenza;;del civico n.;117;;Tamponamento;Rettilineo;Due carreggiate;Asciutto;Asfaltata;Verticale ed orizzontale;Sereno;Normale;Sufficiente;Ore Diurne;1;0;0;2;12,47062;41,94188;-1;2;Autovettura privata;In marcia / fermata / arresto;Conducente;M;Illeso;0;;;
3265850;9;15/04/2017 00:30;Strada Urbana;VIA APPIA NUOVA;da specificare;;;;fronte VIA A: REGILLA;Scontro frontale/laterale DX fra veicoli in marcia;Rettilineo;Più di due carreggiate;Asciutto;Asfaltata;Verticale ed orizzontale;Sereno;Scarso;Sufficiente;Sufficiente;0;0;0;4;12,55158;41,83661;-1;1;Autobus di linea;In marcia / fermata / arresto;Conducente;M;Illeso;0;;Non accertato;Inesistente
3265850;9;15/04/2017 00:30;Strada Urbana;VIA APPIA NUOVA;da specificare;;;;fronte VIA A: REGILLA;Scontro frontale/laterale DX fra veicoli in marcia;Rettilineo;Più di due carreggiate;Asciutto;Asfaltata;Verticale ed orizzontale;Sereno;Scarso;Sufficiente;Sufficiente;0;0;0;4;12,55158;41,83661;-1;2;Autovettura privata;In marcia / fermata / arresto;Conducente;M;Illeso;0;;Non accertato;Inesploso
3265850;9;15/04/2017 00:30;Strada Urbana;VIA APPIA NUOVA;da specificare;;;;fronte VIA A: REGILLA;Scontro frontale/laterale DX fra veicoli in marcia;Rettilineo;Più di due carreggiate;Asciutto;Asfaltata;Verticale ed orizzontale;Sereno;Scarso;Sufficiente;Sufficiente;0;0;0;4;12,55158;41,83661;-1;2;Autovettura privata;In marcia / fermata / arresto;Passeggero;M;Illeso;0;;Non accertato;Inesploso
3265850;9;15/04/2017 00:30;Strada Urbana;VIA APPIA NUOVA;da specificare;;;;fronte VIA A: REGILLA;Scontro frontale/laterale DX fra veicoli in marcia;Rettilineo;Più di due carreggiate;Asciutto;Asfaltata;Verticale ed orizzontale;Sereno;Scarso;Sufficiente;Sufficiente;0;0;0;4;12,55158;41,83661;-1;2;Autovettura privata;In marcia / fermata / arresto;Passeggero;F;Illeso;0;;Non accertato;Inesploso
3265860;9;15/04/2017 13:40;Strada Urbana;VIA CASILINA;all'intersezione con;VIA GALLARATE;VIA GALLARATE;;;Scontro laterale fra veicoli in marcia;Incrocio;Una carreggiata a senso unico di marcia;Asciutto;Asfaltata;Verticale ed orizzontale;Sereno;Scarso;Buona;Ore Diurne;0;0;0;2;12,60933;41,86405;-1;1;Autovettura privata;In marcia / fermata / arresto;Conducente;M;Illeso;0;;Non accertato;Inesploso
3265860;9;15/04/2017 13:40;Strada Urbana;VIA CASILINA;all'intersezione con;VIA GALLARATE;VIA GALLARATE;;;Scontro laterale fra veicoli in marcia;Incrocio;Una carreggiata a senso unico di marcia;Asciutto;Asfaltata;Verticale ed orizzontale;Sereno;Scarso;Buona;Ore Diurne;0;0;0;2;12,60933;41,86405;-1;2;Autovettura privata;In marcia / fermata / arresto;Conducente;M;Illeso;0;;Non accertato;Inesploso
3265866;9;15/04/2017 16:05;Strada Urbana;VIA GENZANO;all'intersezione con;VIA ROCCA DI PAPA;VIA ROCCA DI PAPA;;;Scontro frontale/laterale SX fra veicoli in marcia;Incrocio;Una carreggiata a doppio senso;Asciutto;Asfaltata;Verticale ed orizzontale;Sereno;Scarso;Buona;Ore Diurne;1;0;0;2;12,53218;41,87054;-1;1;Autovettura privata;In marcia / fermata / arresto;Conducente;M;Illeso;0;;Non accertato;Inesploso
3265866;9;15/04/2017 16:05;Strada Urbana;VIA GENZANO;all'intersezione con;VIA ROCCA DI PAPA;VIA ROCCA DI PAPA;;;Scontro frontale/laterale SX fra veicoli in marcia;Incrocio;Una carreggiata a doppio senso;Asciutto;Asfaltata;Verticale ed orizzontale;Sereno;Scarso;Buona;Ore Diurne;1;0;0;2;12,53218;41,87054;-1;1;Autovettura privata;In marcia / fermata / arresto;Passeggero;F;Illeso;0;;Non accertato;Inesploso
3265866;9;15/04/2017 16:05;Strada Urbana;VIA GENZANO;all'intersezione con;VIA ROCCA DI PAPA;VIA ROCCA DI PAPA;;;Scontro frontale/laterale SX fra veicoli in marcia;Incrocio;Una carreggiata a doppio senso;Asciutto;Asfaltata;Verticale ed orizzontale;Sereno;Scarso;Buona;Ore Diurne;1;0;0;2;12,53218;41,87054;-1;2;Motociclo a solo;In marcia / fermata / arresto;Conducente;M;Rimandato;0;NON DECEDUTO;Non accertato;
3265871;20;16/04/2017 02:30;Strada Urbana;GALLERIA GIOVANNI XXIII;da specificare;;;;pross. ingresso Trionfale direz. Pineta Sacchetti;Ribaltamento senza urto contro ostacolo fisso;Curva senza visuale libera;Una carreggiata a senso unico di marcia;Asciutto;Asfaltata;Verticale ed orizzontale;Sereno;Scarso;Buona;Sufficiente;0;0;0;1;12,44128;41,94052;-1;1;Motociclo a solo;In marcia / fermata / arresto;Conducente;M;Illeso;0;;;
3265872;9;15/04/2017 22:00;;VIA APPIA NUOVA;all'intersezione con;VIA ACERENZA;VIA ACERENZA;;;Scontro laterale fra veicoli in marcia;;;;;;;;;;0;0;0;2;12,55158;41,83661;0;1;Autovettura privata;In marcia / fermata / arresto;Conducente;M;Illeso;0;;;
3265872;9;15/04/2017 22:00;;VIA APPIA NUOVA;all'intersezione con;VIA ACERENZA;VIA ACERENZA;;;Scontro laterale fra veicoli in marcia;;;;;;;;;;0;0;0;2;12,55158;41,83661;0;2;Autovettura privata;In marcia / fermata / arresto;Conducente;M;Illeso;0;;;
3265885;20;16/04/2017 01:10;Strada Urbana;VIA DEL FORO ITALICO;da specificare;;;;pross. svincolo Ministero AA.EE. lato posta;Veicolo in marcia contro ostacolo fisso;Curva senza visuale libera;Una carreggiata a senso unico di marcia;Asciutto;Asfaltata;Orizzontale;Sereno;Scarso;Buona;Insufficiente;0;0;0;4;12,48375;41,93991;-1;1;Autovettura privata;In marcia / fermata / arresto;Conducente;M;Illeso;0;;;
3265885;20;16/04/2017 01:10;Strada Urbana;VIA DEL FORO ITALICO;da specificare;;;;pross. svincolo Ministero AA.EE. lato posta;Veicolo in marcia contro ostacolo fisso;Curva senza visuale libera;Una carreggiata a senso unico di marcia;Asciutto;Asfaltata;Orizzontale;Sereno;Scarso;Buona;Insufficiente;0;0;0;4;12,48375;41,93991;-1;1;Autovettura privata;In marcia / fermata / arresto;Passeggero;F;Illeso;0;;;
3265885;20;16/04/2017 01:10;Strada Urbana;VIA DEL FORO ITALICO;da specificare;;;;pross. svincolo Ministero AA.EE. lato posta;Veicolo in marcia contro ostacolo fisso;Curva senza visuale libera;Una carreggiata a senso unico di marcia;Asciutto;Asfaltata;Orizzontale;Sereno;Scarso;Buona;Insufficiente;0;0;0;4;12,48375;41,93991;-1;1;Autovettura privata;In marcia / fermata / arresto;Passeggero;M;Illeso;0;;;
3266019;11;15/04/2017 07:24;Strada Urbana;VIA ANDREA MANTEGNA;all'intersezione con;VIA DEI GEORGOFILI;VIA DEI GEORGOFILI;;;Scontro frontale/laterale DX fra veicoli in marcia;Intersezione semaforizzata;Una carreggiata a doppio senso;Asciutto;Asfaltata;Verticale ed orizzontale;Sereno;Scarso;Buona;Ore Diurne;0;0;0;2;12,49398;41,85184;-1;1;Autovettura privata;In marcia / fermata / arresto;Conducente;M;Illeso;0;;Non accertato;Inesploso
3266019;11;15/04/2017 07:24;Strada Urbana;VIA ANDREA MANTEGNA;all'intersezione con;VIA DEI GEORGOFILI;VIA DEI GEORGOFILI;;;Scontro frontale/laterale DX fra veicoli in marcia;Intersezione semaforizzata;Una carreggiata a doppio senso;Asciutto;Asfaltata;Verticale ed orizzontale;Sereno;Scarso;Buona;Ore Diurne;0;0;0;2;12,49398;41,85184;-1;2;Autovettura privata;In marcia / fermata / arresto;Conducente;M;Illeso;0;;;
3266027;11;15/04/2017 15:45;Strada Urbana;PIAZZA LORENZO LOTTO;all'intersezione con;VIALE DI TOR MARANCIA;VIALE DI TOR MARANCIA;;;Scontro laterale fra veicoli in marcia;Rotatoria;Una carreggiata a senso unico di marcia;Asciutto;Asfaltata;Verticale ed orizzontale;Sereno;Scarso;Buona;Ore Diurne;1;0;0;1;12,49831;41,85195;-1;1;Velocipede;In marcia / fermata / arresto;Conducente;F;Rimandato;0;NON DECEDUTO;Esente;
3266027;11;15/04/2017 15:45;Strada Urbana;PIAZZA LORENZO LOTTO;all'intersezione con;VIALE DI TOR MARANCIA;VIALE DI TOR MARANCIA;;;Scontro laterale fra veicoli in marcia;Rotatoria;Una carreggiata a senso unico di marcia;Asciutto;Asfaltata;Verticale ed orizzontale;Sereno;Scarso;Buona;Ore Diurne;1;0;0;1;12,49831;41,85195;-1;2;Autovettura privata;In marcia / fermata / arresto;Conducente;M;Illeso;0;;;
3266062;13;15/04/2017 13:10;Strada Urbana;VIA DEI VELIERI;in corrispondenza;;del civico n.;62;;Veicolo in marcia contro veicoli in sosta;Rettilineo;Due carreggiate;Asciutto;Asfaltata;Assente;Sereno;Normale;Buona;Ore Diurne;1;0;0;0;12,27567;41,73618;-1;1;Autovettura privata;In marcia / fermata / arresto;Conducente;F;Rimandato;0;NON DECEDUTO;Non accertato;Inesploso
3266075;20;16/04/2017 12:00;Regionale;VIA FLAMINIA;da specificare;;;;prossimità rampa Saxa Rubra dir. Fuori Roma;Tamponamento Multiplo;Rettilineo;Due carreggiate;Asciutto;Asfaltata;Verticale ed orizzontale;Sereno;Intenso;Buona;Ore Diurne;10;1;1;4;12,49363;41,97958;-1;1;Autovettura privata;In marcia / fermata / arresto;Conducente;M;Illeso;0;;Non accertato;Inesploso
3266075;20;16/04/2017 12:00;Regionale;VIA FLAMINIA;da specificare;;;;prossimità rampa Saxa Rubra dir. Fuori Roma;Tamponamento Multiplo;Rettilineo;Due carreggiate;Asciutto;Asfaltata;Verticale ed orizzontale;Sereno;Intenso;Buona;Ore Diurne;10;1;1;4;12,49363;41,97958;-1;1;Autovettura privata;In marcia / fermata / arresto;Passeggero;M;Illeso;0;;Non accertato;
3266075;20;16/04/2017 12:00;Regionale;VIA FLAMINIA;da specificare;;;;prossimità rampa Saxa Rubra dir. Fuori Roma;Tamponamento Multiplo;Rettilineo;Due carreggiate;Asciutto;Asfaltata;Verticale ed orizzontale;Sereno;Intenso;Buona;Ore Diurne;10;1;1;4;12,49363;41,97958;-1;1;Autovettura privata;In marcia / fermata / arresto;Passeggero;F;Illeso;0;;Non accertato;
3266075;20;16/04/2017 12:00;Regionale;VIA FLAMINIA;da specificare;;;;prossimità rampa Saxa Rubra dir. Fuori Roma;Tamponamento Multiplo;Rettilineo;Due carreggiate;Asciutto;Asfaltata;Verticale ed orizzontale;Sereno;Intenso;Buona;Ore Diurne;10;1;1;4;12,49363;41,97958;-1;2;Autovettura privata;In marcia / fermata / arresto;Conducente;M;Ricoverato;0;NON DECEDUTO;Non accertato;
3266075;20;16/04/2017 12:00;Regionale;VIA FLAMINIA;da specificare;;;;prossimità rampa Saxa Rubra dir. Fuori Roma;Tamponamento Multiplo;Rettilineo;Due carreggiate;Asciutto;Asfaltata;Verticale ed orizzontale;Sereno;Intenso;Buona;Ore Diurne;10;1;1;4;12,49363;41,97958;-1;2;Autovettura privata;In marcia / fermata / arresto;Passeggero;F;Rimandato;0;NON DECEDUTO;Non accertato;
3266075;20;16/04/2017 12:00;Regionale;VIA FLAMINIA;da specificare;;;;prossimità rampa Saxa Rubra dir. Fuori Roma;Tamponamento Multiplo;Rettilineo;Due carreggiate;Asciutto;Asfaltata;Verticale ed orizzontale;Sereno;Intenso;Buona;Ore Diurne;10;1;1;4;12,49363;41,97958;-1;2;Autovettura privata;In marcia / fermata / arresto;Passeggero;F;Ricoverato;0;NON DECEDUTO;;
3266075;20;16/04/2017 12:00;Regionale;VIA FLAMINIA;da specificare;;;;prossimità rampa Saxa Rubra dir. Fuori Roma;Tamponamento Multiplo;Rettilineo;Due carreggiate;Asciutto;Asfaltata;Verticale ed orizzontale;Sereno;Intenso;Buona;Ore Diurne;10;1;1;4;12,49363;41,97958;-1;2;Autovettura privata;In marcia / fermata / arresto;Passeggero;F;Ricoverato;0;NON DECEDUTO;Non accertato;
3266075;20;16/04/2017 12:00;Regionale;VIA FLAMINIA;da specificare;;;;prossimità rampa Saxa Rubra dir. Fuori Roma;Tamponamento Multiplo;Rettilineo;Due carreggiate;Asciutto;Asfaltata;Verticale ed orizzontale;Sereno;Intenso;Buona;Ore Diurne;10;1;1;4;12,49363;41,97958;-1;3;Autovettura privata;In marcia / fermata / arresto;Conducente;F;Ricoverato;0;NON DECEDUTO;Non accertato;
3266075;20;16/04/2017 12:00;Regionale;VIA FLAMINIA;da specificare;;;;prossimità rampa Saxa Rubra dir. Fuori Roma;Tamponamento Multiplo;Rettilineo;Due carreggiate;Asciutto;Asfaltata;Verticale ed orizzontale;Sereno;Intenso;Buona;Ore Diurne;10;1;1;4;12,49363;41,97958;-1;3;Autovettura privata;In marcia / fermata / arresto;Passeggero;F;Ricoverato;0;NON DECEDUTO;;
3266075;20;16/04/2017 12:00;Regionale;VIA FLAMINIA;da specificare;;;;prossimità rampa Saxa Rubra dir. Fuori Roma;Tamponamento Multiplo;Rettilineo;Due carreggiate;Asciutto;Asfaltata;Verticale ed orizzontale;Sereno;Intenso;Buona;Ore Diurne;10;1;1;4;12,49363;41,97958;-1;4;Autovettura privata;In marcia / fermata / arresto;Conducente;M;Prognosi riservata;0;NON DECEDUTO;Non accertato;Esploso
3266075;20;16/04/2017 12:00;Regionale;VIA FLAMINIA;da specificare;;;;prossimità rampa Saxa Rubra dir. Fuori Roma;Tamponamento Multiplo;Rettilineo;Due carreggiate;Asciutto;Asfaltata;Verticale ed orizzontale;Sereno;Intenso;Buona;Ore Diurne;10;1;1;4;12,49363;41,97958;-1;4;Autovettura privata;In marcia / fermata / arresto;Passeggero;F;Ricoverato;0;NON DECEDUTO;Non accertato;Esploso
3266075;20;16/04/2017 12:00;Regionale;VIA FLAMINIA;da specificare;;;;prossimità rampa Saxa Rubra dir. Fuori Roma;Tamponamento Multiplo;Rettilineo;Due carreggiate;Asciutto;Asfaltata;Verticale ed orizzontale;Sereno;Intenso;Buona;Ore Diurne;10;1;1;4;12,49363;41,97958;-1;4;Autovettura privata;In marcia / fermata / arresto;Passeggero;M;Prognosi riservata;0;DECEDUTO DA 13 A 24 ORE DOPO;Non accertato;
3266075;20;16/04/2017 12:00;Regionale;VIA FLAMINIA;da specificare;;;;prossimità rampa Saxa Rubra dir. Fuori Roma;Tamponamento Multiplo;Rettilineo;Due carreggiate;Asciutto;Asfaltata;Verticale ed orizzontale;Sereno;Intenso;Buona;Ore Diurne;10;1;1;4;12,49363;41,97958;-1;5;Autovettura privata;In marcia / fermata / arresto;Conducente;M;Illeso;0;;Non accertato;Esploso
3266075;20;16/04/2017 12:00;Regionale;VIA FLAMINIA;da specificare;;;;prossimità rampa Saxa Rubra dir. Fuori Roma;Tamponamento Multiplo;Rettilineo;Due carreggiate;Asciutto;Asfaltata;Verticale ed orizzontale;Sereno;Intenso;Buona;Ore Diurne;10;1;1;4;12,49363;41,97958;-1;5;Autovettura privata;In marcia / fermata / arresto;Passeggero;F;Ricoverato;0;NON DECEDUTO;;
3266075;20;16/04/2017 12:00;Regionale;VIA FLAMINIA;da specificare;;;;prossimità rampa Saxa Rubra dir. Fuori Roma;Tamponamento Multiplo;Rettilineo;Due carreggiate;Asciutto;Asfaltata;Verticale ed orizzontale;Sereno;Intenso;Buona;Ore Diurne;10;1;1;4;12,49363;41,97958;-1;5;Autovettura privata;In marcia / fermata / arresto;Passeggero;F;Rimandato;0;NON DECEDUTO;Non accertato;
3266075;20;16/04/2017 12:00;Regionale;VIA FLAMINIA;da specificare;;;;prossimità rampa Saxa Rubra dir. Fuori Roma;Tamponamento Multiplo;Rettilineo;Due carreggiate;Asciutto;Asfaltata;Verticale ed orizzontale;Sereno;Intenso;Buona;Ore Diurne;10;1;1;4;12,49363;41,97958;-1;5;Autovettura privata;In marcia / fermata / arresto;Passeggero;F;Rimandato;0;NON DECEDUTO;Non accertato;
3266080;13;15/04/2017 21:15;Strada Urbana;VIA CARLO ALBIZZATI;da specificare;;;;50 metri circa dopo Via Barzano';Veicolo in marcia contro ostacolo accidentale;Curva a visuale libera;Una carreggiata a senso unico di marcia;Asciutto;Asfaltata;Assente;Sereno;Normale;Buona;Sufficiente;0;0;0;1;12,33104;41,78164;-1;1;Autovettura privata;In marcia / fermata / arresto;Conducente;M;Illeso;0;;Non accertato;Inesploso
3266112;13;16/04/2017 11:30;Strada Urbana;VIA DEI PESCATORI;da specificare;;;;ALT. VIA E. SARTI;Scontro laterale fra veicoli in marcia;Rettilineo;Più di due carreggiate;Asciutto;Asfaltata;Verticale ed orizzontale;Sereno;Normale;Buona;Ore Diurne;2;0;0;0;12,33443;41,75221;-1;1;Motociclo a solo;In marcia / fermata / arresto;Conducente;M;Rimandato;0;NON DECEDUTO;Non accertato;
3266112;13;16/04/2017 11:30;Strada Urbana;VIA DEI PESCATORI;da specificare;;;;ALT. VIA E. SARTI;Scontro laterale fra veicoli in marcia;Rettilineo;Più di due carreggiate;Asciutto;Asfaltata;Verticale ed orizzontale;Sereno;Normale;Buona;Ore Diurne;2;0;0;0;12,33443;41,75221;-1;1;Motociclo a solo;In marcia / fermata / arresto;Passeggero;F;Rimandato;0;NON DECEDUTO;Non accertato;
3266224;18;17/04/2017 01:30;Strada Urbana;VIA DI TORREVECCHIA;in corrispondenza;;del civico n.;971;;Tamponamento;Rettilineo;Una carreggiata a doppio senso;Asciutto;Asfaltata;Verticale ed orizzontale;Sereno;Scarso;Buona;Sufficiente;0;0;0;4;12,40726;41,91503;-1;1;Autovettura privata;In marcia / fermata / arresto;Conducente;F;Illeso;0;;Non accertato;Esploso
3266224;18;17/04/2017 01:30;Strada Urbana;VIA DI TORREVECCHIA;in corrispondenza;;del civico n.;971;;Tamponamento;Rettilineo;Una carreggiata a doppio senso;Asciutto;Asfaltata;Verticale ed orizzontale;Sereno;Scarso;Buona;Sufficiente;0;0;0;4;12,40726;41,91503;-1;1;Autovettura privata;In marcia / fermata / arresto;Passeggero;M;Illeso;0;;Non accertato;Esploso
3266224;18;17/04/2017 01:30;Strada Urbana;VIA DI TORREVECCHIA;in corrispondenza;;del civico n.;971;;Tamponamento;Rettilineo;Una carreggiata a doppio senso;Asciutto;Asfaltata;Verticale ed orizzontale;Sereno;Scarso;Buona;Sufficiente;0;0;0;4;12,40726;41,91503;-1;2;Autovettura privata;In marcia / fermata / arresto;Conducente;M;Illeso;0;;Non accertato;Inesploso
3266224;18;17/04/2017 01:30;Strada Urbana;VIA DI TORREVECCHIA;in corrispondenza;;del civico n.;971;;Tamponamento;Rettilineo;Una carreggiata a doppio senso;Asciutto;Asfaltata;Verticale ed orizzontale;Sereno;Scarso;Buona;Sufficiente;0;0;0;4;12,40726;41,91503;-1;2;Autovettura privata;In marcia / fermata / arresto;Passeggero;F;Illeso;0;;Non accertato;Inesploso
3266395;8;14/04/2017 10:00;Strada Urbana;VIALE DEI ROMANISTI;in prossimità;;del civico n.;111;;Veicolo in marcia contro ostacolo accidentale;Rettilineo;Due carreggiate;Asciutto;Asfaltata;Verticale ed orizzontale;Sereno;Scarso;Buona;Ore Diurne;0;0;0;2;12,57801;41,86664;-1;1;Autovettura privata;In marcia / fermata / arresto;Conducente;M;Illeso;0;;Non accertato;Inesploso
3266395;8;14/04/2017 10:00;Strada Urbana;VIALE DEI ROMANISTI;in prossimità;;del civico n.;111;;Veicolo in marcia contro ostacolo accidentale;Rettilineo;Due carreggiate;Asciutto;Asfaltata;Verticale ed orizzontale;Sereno;Scarso;Buona;Ore Diurne;0;0;0;2;12,57801;41,86664;-1;1;Autovettura privata;In marcia / fermata / arresto;Passeggero;F;Illeso;0;;Non accertato;Inesploso
3266396;8;14/04/2017 11:40;Strada Urbana;VIA DI TOR BELLA MONACA;da specificare;;;;30 mt prima del palo acea n° 19;Veicolo in marcia contro ostacolo fisso;Curva senza visuale libera;Due carreggiate;Asciutto;Asfaltata;Verticale ed orizzontale;Sereno;Normale;Buona;Ore Diurne;2;0;0;0;12,62375;41,87848;-1;1;Autovettura privata;In marcia / fermata / arresto;Conducente;M;Rifiuta cure immediate;0;NON DECEDUTO;Non accertato;Inesploso
3266396;8;14/04/2017 11:40;Strada Urbana;VIA DI TOR BELLA MONACA;da specificare;;;;30 mt prima del palo acea n° 19;Veicolo in marcia contro ostacolo fisso;Curva senza visuale libera;Due carreggiate;Asciutto;Asfaltata;Verticale ed orizzontale;Sereno;Normale;Buona;Ore Diurne;2;0;0;0;12,62375;41,87848;-1;1;Autovettura privata;In marcia / fermata / arresto;Passeggero;M;Rifiuta cure immediate;0;NON DECEDUTO;Non accertato;Inesploso
3266397;8;14/04/2017 12:20;Statale entro l'abitato;VIA CASILINA;all'intersezione con;VIA DI GIARDINETTI;VIA DI GIARDINETTI;;;Tamponamento;Intersezione stradale segnalata;Una carreggiata a doppio senso;Asciutto;Asfaltata;Verticale ed orizzontale;Sereno;Normale;Buona;Ore Diurne;1;0;0;1;12,60519;41,86446;-1;1;Autovettura privata;In marcia / fermata / arresto;Conducente;M;Illeso;0;;Non accertato;Inesploso
3266397;8;14/04/2017 12:20;Statale entro l'abitato;VIA CASILINA;all'intersezione con;VIA DI GIARDINETTI;VIA DI GIARDINETTI;;;Tamponamento;Intersezione stradale segnalata;Una carreggiata a doppio senso;Asciutto;Asfaltata;Verticale ed orizzontale;Sereno;Normale;Buona;Ore Diurne;1;0;0;1;12,60519;41,86446;-1;2;Autovettura privata;In marcia / fermata / arresto;Conducente;M;Rimandato;0;NON DECEDUTO;Non accertato;Inesploso
3266398;8;14/04/2017 12:30;Strada Urbana;VIALE PAOLO FERDINANDO QUAGLIA;in prossimità;;del civico n.;84;;Scontro laterale fra veicoli in marcia;Rettilineo;Due carreggiate;Asciutto;Asfaltata;Verticale ed orizzontale;Sereno;Intenso;Buona;Ore Diurne;1;0;0;2;12,64087;41,86831;-1;1;Autovettura privata;In marcia / fermata / arresto;Conducente;M;Illeso;0;;Non accertato;Inesploso
3266398;8;14/04/2017 12:30;Strada Urbana;VIALE PAOLO FERDINANDO QUAGLIA;in prossimità;;del civico n.;84;;Scontro laterale fra veicoli in marcia;Rettilineo;Due carreggiate;Asciutto;Asfaltata;Verticale ed orizzontale;Sereno;Intenso;Buona;Ore Diurne;1;0;0;2;12,64087;41,86831;-1;2;Autovettura privata;In marcia / fermata / arresto;Conducente;M;Illeso;0;;Non accertato;Inesploso
3266398;8;14/04/2017 12:30;Strada Urbana;VIALE PAOLO FERDINANDO QUAGLIA;in prossimità;;del civico n.;84;;Scontro laterale fra veicoli in marcia;Rettilineo;Due carreggiate;Asciutto;Asfaltata;Verticale ed orizzontale;Sereno;Intenso;Buona;Ore Diurne;1;0;0;2;12,64087;41,86831;-1;3;Motociclo a solo;In marcia / fermata / arresto;Conducente;M;Rimandato;0;NON DECEDUTO;Non accertato;
3266400;9;15/04/2017 10:35;Strada Urbana;VIA NOCERA UMBRA;in prossimità;;del civico n.;133;;Veicolo in marcia contro veicolo arresto;Rettilineo;Due carreggiate;Asciutto;Asfaltata;Verticale ed orizzontale;Sereno;Normale;Buona;Ore Diurne;0;0;0;3;12,53071;41,87961;-1;1;Autovettura privata;In marcia / fermata / arresto;Conducente;M;Illeso;0;;Non accertato;Inesploso
3266400;9;15/04/2017 10:35;Strada Urbana;VIA NOCERA UMBRA;in prossimità;;del civico n.;133;;Veicolo in marcia contro veicolo arresto;Rettilineo;Due carreggiate;Asciutto;Asfaltata;Verticale ed orizzontale;Sereno;Normale;Buona;Ore Diurne;0;0;0;3;12,53071;41,87961;-1;1;Autovettura privata;In marcia / fermata / arresto;Passeggero;F;Illeso;0;;Non accertato;Inesploso
3266400;9;15/04/2017 10:35;Strada Urbana;VIA NOCERA UMBRA;in prossimità;;del civico n.;133;;Veicolo in marcia contro veicolo arresto;Rettilineo;Due carreggiate;Asciutto;Asfaltata;Verticale ed orizzontale;Sereno;Normale;Buona;Ore Diurne;0;0;0;3;12,53071;41,87961;-1;2;Autovettura privata;In marcia / fermata / arresto;Conducente;M;Illeso;0;;Non accertato;Inesploso