Protocollo;Gruppo;DataOraIncidente;Localizzazione1;STRADA1;Localizzazione2;STRADA2;Strada02;Chilometrica;DaSpecificare;NaturaIncidente;particolaritastrade;TipoStrada;FondoStradale;Pavimentazione;Segnaletica;CondizioneAtmosferica;Traffico;Visibilita;Illuminazione;NUM_FERITI;NUM_RISERVATA;NUM_MORTI;NUM_ILLESI;Longitudine;Latitudine;Confermato;Progressivo;TipoVeicolo;StatoVeicolo;TipoPersona;Sesso;Tipolesione;Deceduto;DecedutoDopo;CinturaCascoUtilizzato;Airbag
3282054;20;28/04/2017 16:30;Strada Urbana;VIA DI GROTTAROSSA;da specificare;;;;800mt dopo intersezione con via della Crescenza;Scontro laterale fra veicoli in marcia;Curva senza visuale libera;Una carreggiata a doppio senso;Asciutto;Asfaltata;Assente;Nuvoloso;Normale;Buona;Ore Diurne;1;0;0;1;12,46257;41,97035;-1;2;Velocipede;In marcia / fermata / arresto;Conducente;M;Rimandato;0;NON DECEDUTO;Esente;
3282059;8;28/04/2017 07:30;Provinciale entro l'abitato;VIA POLENSE;in corrispondenza;;del civico n.;12a;;Scontro laterale fra veicoli in marcia;Rettilineo;Una carreggiata a doppio senso;Bagnato (pioggia);Asfaltata;Orizzontale;Pioggia in atto;Normale;Buona;Ore Diurne;2;0;0;0;12,69951;41,8914;-1;1;Autovettura privata;In marcia / fermata / arresto;Conducente;M;Rimandato;0;NON DECEDUTO;;
3282059;8;28/04/2017 07:30;Provinciale entro l'abitato;VIA POLENSE;in corrispondenza;;del civico n.;12a;;Scontro laterale fra veicoli in marcia;Rettilineo;Una carreggiata a doppio senso;Bagnato (pioggia);Asfaltata;Orizzontale;Pioggia in atto;Normale;Buona;Ore Diurne;2;0;0;0;12,69951;41,8914;-1;2;Autocarro inferiore 35 q.;In marcia / fermata / arresto;Conducente;M;Rimandato;0;NON DECEDUTO;Non accertato;Inesploso
3282112;8;28/04/2017 08:00;Strada Urbana;VIA DI ROCCA CENCIA;all'intersezione con;VIA SELLIA;VIA SELLIA;;;Scontro frontale/laterale SX fra veicoli in marcia;Incrocio;Una carreggiata a doppio senso;Bagnato (pioggia);Asfaltata;Verticale ed orizzontale;Pioggia in atto;Normale;Buona;Ore Diurne;0;0;0;3;12,69115;41,87349;-1;1;Autovettura privata;In marcia / fermata / arresto;Passeggero;F;Illeso;0;;Non accertato;Inesploso
3282112;8;28/04/2017 08:00;Strada Urbana;VIA DI ROCCA CENCIA;all'intersezione con;VIA SELLIA;VIA SELLIA;;;Scontro frontale/laterale SX fra veicoli in marcia;Incrocio;Una carreggiata a doppio senso;Bagnato (pioggia);Asfaltata;Verticale ed orizzontale;Pioggia in atto;Normale;Buona;Ore Diurne;0;0;0;3;12,69115;41,87349;-1;1;Autovettura privata;In marcia / fermata / arresto;Conducente;M;Illeso;0;;Non accertato;Inesploso
3282112;8;28/04/2017 08:00;Strada Urbana;VIA DI ROCCA CENCIA;all'intersezione con;VIA SELLIA;VIA SELLIA;;;Scontro frontale/laterale SX fra veicoli in marcia;Incrocio;Una carreggiata a doppio senso;Bagnato (pioggia);Asfaltata;Verticale ed orizzontale;Pioggia in atto;Normale;Buona;Ore Diurne;0;0;0;3;12,69115;41,87349;-1;2;Autovettura privata;In marcia / fermata / arresto;Conducente;M;Illeso;0;;Non accertato;Inesploso
3282113;8;28/04/2017 10:28;Strada Urbana;VIA OLLOLAI;all'intersezione con;VIA OROTELLI;VIA OROTELLI;;;Scontro frontale/laterale SX fra veicoli in marcia;Incrocio;Una carreggiata a doppio senso;Bagnato (pioggia);Asfaltata;Verticale ed orizzontale;Nuvoloso;Scarso;Buona;Ore Diurne;0;0;0;2;12,68173;41,8846;-1;1;Autovettura privata;In marcia / fermata / arresto;Conducente;M;Illeso;0;;Non accertato;Inesploso
3282113;8;28/04/2017 10:28;Strada Urbana;VIA OLLOLAI;all'intersezione con;VIA OROTELLI;VIA OROTELLI;;;Scontro frontale/laterale SX fra veicoli in marcia;Incrocio;Una carreggiata a doppio senso;Bagnato (pioggia);Asfaltata;Verticale ed orizzontale;Nuvoloso;Scarso;Buona;Ore Diurne;0;0;0;2;12,68173;41,8846;-1;2;Autovettura privata;In marcia / fermata / arresto;Conducente;M;Illeso;0;;Non accertato;Inesploso
3282114;8;28/04/2017 13:20;Strada Urbana;VIALE DELLA SORBONA;all'intersezione con;VIALE DELLA SORBONA;VIALE DELLA SORBONA;;;Scontro laterale fra veicoli in marcia;Rotatoria;Una carreggiata a senso unico di marcia;Asciutto;Asfaltata;Verticale ed orizzontale;Nuvoloso;Normale;Buona;Ore Diurne;0;0;0;2;12,61209;41,85466;-1;1;Autovettura privata;In marcia / fermata / arresto;Conducente;M;Illeso;0;;Non accertato;Inesploso
3282114;8;28/04/2017 13:20;Strada Urbana;VIALE DELLA SORBONA;all'intersezione con;VIALE DELLA SORBONA;VIALE DELLA SORBONA;;;Scontro laterale fra veicoli in marcia;Rotatoria;Una carreggiata a senso unico di marcia;Asciutto;Asfaltata;Verticale ed orizzontale;Nuvoloso;Normale;Buona;Ore Diurne;0;0;0;2;12,61209;41,85466;-1;2;Autovettura privata;In marcia / fermata / arresto;Conducente;M;Illeso;0;;Non accertato;Inesploso
3282117;8;28/04/2017 17:00;Provinciale entro l'abitato;VIA PRENESTINA;all'intersezione con;VIA CALABRITTO;VIA CALABRITTO;;;Scontro frontale/laterale SX fra veicoli in marcia;Intersezione stradale segnalata;Una carreggiata a doppio senso;Asciutto;Asfaltata;Verticale ed orizzontale;Nuvoloso;Intenso;Buona;Ore Diurne;1;0;0;1;12,60788;41,89371;-1;1;Motociclo a solo;In marcia / fermata / arresto;Conducente;M;Rimandato;0;NON DECEDUTO;;
3282117;8;28/04/2017 17:00;Provinciale entro l'abitato;VIA PRENESTINA;all'intersezione con;VIA CALABRITTO;VIA CALABRITTO;;;Scontro frontale/laterale SX fra veicoli in marcia;Intersezione stradale segnalata;Una carreggiata a doppio senso;Asciutto;Asfaltata;Verticale ed orizzontale;Nuvoloso;Intenso;Buona;Ore Diurne;1;0;0;1;12,60788;41,89371;-1;2;Autovettura privata;In marcia / fermata / arresto;Conducente;M;Illeso;0;;Non accertato;Inesploso
3282137;23;28/04/2017 09:30;Strada Urbana;CORSO D'ITALIA;in prossimità;;del civico n.;2;;Veicolo in marcia contro ostacolo fisso;Curva a visuale libera;Due carreggiate;Bagnato (pioggia);Asfaltata;Orizzontale;Nuvoloso;Intenso;Sufficiente;Ore Diurne;0;0;0;1;12,49882;41,91057;-1;1;Autovettura privata;In marcia / fermata / arresto;Conducente;F;Illeso;0;;Utilizzato;Esploso
3282171;17;28/04/2017 07:30;Strada Urbana;LARGO DEGLI ALICORNI;in prossimità;;del civico n.;27;;Scontro frontale/laterale DX fra veicoli in marcia;Rettilineo;Una carreggiata a senso unico di marcia;Asciutto;In cubetti di porfido;Verticale ed orizzontale;Sereno;Scarso;Buona;Ore Diurne;0;0;0;3;12,4583;41,90151;-1;1;Autovettura di polizia;In marcia / fermata / arresto;Conducente;M;Illeso;0;;Non accertato;Inesploso
3282171;17;28/04/2017 07:30;Strada Urbana;LARGO DEGLI ALICORNI;in prossimità;;del civico n.;27;;Scontro frontale/laterale DX fra veicoli in marcia;Rettilineo;Una carreggiata a senso unico di marcia;Asciutto;In cubetti di porfido;Verticale ed orizzontale;Sereno;Scarso;Buona;Ore Diurne;0;0;0;3;12,4583;41,90151;-1;1;Autovettura di polizia;In marcia / fermata / arresto;Passeggero;F;Illeso;0;;Non accertato;Inesploso
3282171;17;28/04/2017 07:30;Strada Urbana;LARGO DEGLI ALICORNI;in prossimità;;del civico n.;27;;Scontro frontale/laterale DX fra veicoli in marcia;Rettilineo;Una carreggiata a senso unico di marcia;Asciutto;In cubetti di porfido;Verticale ed orizzontale;Sereno;Scarso;Buona;Ore Diurne;0;0;0;3;12,4583;41,90151;-1;2;Autovettura pubblica;In marcia / fermata / arresto;Conducente;M;Illeso;0;;Non accertato;Inesploso
3282178;2;28/04/2017 10:40;Strada Urbana;VIA GUIDUBALDO DEL MONTE;in prossimità;;del civico n.;fr. 25;;Veicolo in marcia contro ostacolo accidentale;Rettilineo;Una carreggiata a senso unico di marcia;Bagnato (pioggia);Asfaltata;Verticale ed orizzontale;Pioggia in atto;Normale;Sufficiente;Ore Diurne;0;0;0;1;12,47904;41,92792;-1;1;Autovettura privata;In marcia / fermata / arresto;Conducente;M;Illeso;0;;Non accertato;Inesploso
3282179;2;28/04/2017 06:50;Strada Urbana;VIA ARCHIANO;all'intersezione con;VIA FOGLIANO;VIA FOGLIANO;;;Scontro frontale/laterale DX fra veicoli in marcia;Incrocio;Una carreggiata a senso unico di marcia;Bagnato (pioggia);Asfaltata;Verticale ed orizzontale;Pioggia in atto;Scarso;Sufficiente;Ore Diurne;0;0;0;3;12,50615;41,92544;-1;1;Autovettura privata;In marcia / fermata / arresto;Conducente;F;Illeso;0;;Non accertato;Inesploso
3282179;2;28/04/2017 06:50;Strada Urbana;VIA ARCHIANO;all'intersezione con;VIA FOGLIANO;VIA FOGLIANO;;;Scontro frontale/laterale DX fra veicoli in marcia;Incrocio;Una carreggiata a senso unico di marcia;Bagnato (pioggia);Asfaltata;Verticale ed orizzontale;Pioggia in atto;Scarso;Sufficiente;Ore Diurne;0;0;0;3;12,50615;41,92544;-1;2;Autovettura privata;In marcia / fermata / arresto;Conducente;M;Illeso;0;;Non accertato;Inesploso
3282179;2;28/04/2017 06:50;Strada Urbana;VIA ARCHIANO;all'intersezione con;VIA FOGLIANO;VIA FOGLIANO;;;Scontro frontale/laterale DX fra veicoli in marcia;Incrocio;Una carreggiata a senso unico di marcia;Bagnato (pioggia);Asfaltata;Verticale ed orizzontale;Pioggia in atto;Scarso;Sufficiente;Ore Diurne;0;0;0;3;12,50615;41,92544;-1;2;Autovettura privata;In marcia / fermata / arresto;Passeggero;F;Illeso;0;;Non accertato;Inesploso
3282184;2;28/04/2017 07:55;Strada Urbana;VIALE DEL MURO TORTO;da specificare;;;;alt. P.LE BRASILE rampa dir. P.le Flaminio;Veicolo in marcia contro veicolo fermo;Rettilineo;Più di due carreggiate;Bagnato (pioggia);Asfaltata;Verticale ed orizzontale;Pioggia in atto;Intenso;Buona;Ore Diurne;1;0;0;2;12,48777;41,90954;-1;1;Autovettura privata;In marcia / fermata / arresto;Conducente;M;Illeso;0;;;
3282184;2;28/04/2017 07:55;Strada Urbana;VIALE DEL MURO TORTO;da specificare;;;;alt. P.LE BRASILE rampa dir. P.le Flaminio;Veicolo in marcia contro veicolo fermo;Rettilineo;Più di due carreggiate;Bagnato (pioggia);Asfaltata;Verticale ed orizzontale;Pioggia in atto;Intenso;Buona;Ore Diurne;1;0;0;2;12,48777;41,90954;-1;1;Autovettura privata;In marcia / fermata / arresto;Passeggero;F;Illeso;0;;;
3282184;2;28/04/2017 07:55;Strada Urbana;VIALE DEL MURO TORTO;da specificare;;;;alt. P.LE BRASILE rampa dir. P.le Flaminio;Veicolo in marcia contro veicolo fermo;Rettilineo;Più di due carreggiate;Bagnato (pioggia);Asfaltata;Verticale ed orizzontale;Pioggia in atto;Intenso;Buona;Ore Diurne;1;0;0;2;12,48777;41,90954;-1;2;Autovettura privata;In marcia / fermata / arresto;Conducente;F;Rimandato;0;NON DECEDUTO;Non accertato;Inesploso
3282187;2;28/04/2017 22:30;Strada Urbana;VIA FOGLIANO;all'intersezione con;VIA ARCHIANO;VIA ARCHIANO;;;Scontro frontale/laterale DX fra veicoli in marcia;Incrocio;Una carreggiata a senso unico di marcia;Asciutto;Asfaltata;Verticale;Sereno;Scarso;Buona;Sufficiente;0;0;0;2;12,50613;41,92547;-1;1;Autovettura privata;In marcia / fermata / arresto;Conducente;F;Illeso;0;;;
3282187;2;28/04/2017 22:30;Strada Urbana;VIA FOGLIANO;all'intersezione con;VIA ARCHIANO;VIA ARCHIANO;;;Scontro frontale/laterale DX fra veicoli in marcia;Incrocio;Una carreggiata a senso unico di marcia;Asciutto;Asfaltata;Verticale;Sereno;Scarso;Buona;Sufficiente;0;0;0;2;12,50613;41,92547;-1;2;Autovettura privata;In marcia / fermata / arresto;Conducente;F;Illeso;0;;;
3282189;2;29/04/2017 04:15;Statale;VIA SALARIA;all'intersezione con;AUTOSTRADA PER FIRENZE;AUTOSTRADA PER FIRENZE;;;Scontro frontale/laterale DX fra veicoli in marcia;Intersezione stradale segnalata;Due carreggiate;Asciutto;Asfaltata;Verticale;Sereno;Scarso;Buona;Sufficiente;1;0;0;1;12,52685;42,01446;-1;1;Autovettura privata;In marcia / fermata / arresto;Conducente;M;Illeso;0;;Non accertato;Esploso
3282189;2;29/04/2017 04:15;Statale;VIA SALARIA;all'intersezione con;AUTOSTRADA PER FIRENZE;AUTOSTRADA PER FIRENZE;;;Scontro frontale/laterale DX fra veicoli in marcia;Intersezione stradale segnalata;Due carreggiate;Asciutto;Asfaltata;Verticale;Sereno;Scarso;Buona;Sufficiente;1;0;0;1;12,52685;42,01446;-1;2;Autovettura privata;In marcia / fermata / arresto;Conducente;M;Rimandato;0;NON DECEDUTO;Non accertato;
3282205;20;28/04/2017 11:40;Strada Urbana;VIA CASSIA;in corrispondenza;;del civico n.;837;;Scontro frontale fra veicoli in marcia;Rettilineo;Una carreggiata a doppio senso;Bagnato (pioggia);Asfaltata;Verticale ed orizzontale;Nuvoloso;Intenso;Buona;Ore Diurne;1;1;0;1;12,43878;41,96782;-1;1;Autovettura privata;In marcia / fermata / arresto;Conducente;M;Rimandato;0;NON DECEDUTO;;
3282205;20;28/04/2017 11:40;Strada Urbana;VIA CASSIA;in corrispondenza;;del civico n.;837;;Scontro frontale fra veicoli in marcia;Rettilineo;Una carreggiata a doppio senso;Bagnato (pioggia);Asfaltata;Verticale ed orizzontale;Nuvoloso;Intenso;Buona;Ore Diurne;1;1;0;1;12,43878;41,96782;-1;1;Autovettura privata;In marcia / fermata / arresto;Passeggero;M;Prognosi riservata;0;NON DECEDUTO;;
3282205;20;28/04/2017 11:40;Strada Urbana;VIA CASSIA;in corrispondenza;;del civico n.;837;;Scontro frontale fra veicoli in marcia;Rettilineo;Una carreggiata a doppio senso;Bagnato (pioggia);Asfaltata;Verticale ed orizzontale;Nuvoloso;Intenso;Buona;Ore Diurne;1;1;0;1;12,43878;41,96782;-1;2;Autovettura privata;In marcia / fermata / arresto;Conducente;M;Illeso;0;;;
3282253;2;29/04/2017 08:40;Strada Urbana;VIALE ERITREA;in corrispondenza;;del civico n.;152;;Scontro laterale fra veicoli in marcia;Rettilineo;Due carreggiate;Asciutto;Asfaltata;Orizzontale;Sereno;Normale;Buona;Ore Diurne;1;0;0;0;12,51621;41,92864;-1;1;Motociclo a solo;In marcia / fermata / arresto;Conducente;F;Rimandato;0;NON DECEDUTO;;
3282285;1;28/04/2017 16:30;Strada Urbana;PASSEGGIATA DEL GIANICOLO;in prossimità;;del civico n.;57;;Veicolo in marcia contro ostacolo accidentale;Pendenza;Una carreggiata a doppio senso;Asciutto;Asfaltata;Verticale ed orizzontale;Nuvoloso;Normale;Buona;Ore Diurne;1;0;0;0;12,46026;41,89313;-1;1;Motociclo a solo;In marcia / fermata / arresto;Conducente;F;Rimandato;0;NON DECEDUTO;;
3282351;20;28/04/2017 10:00;Strada Urbana;VIA DI GROTTAROSSA;in prossimità;;del civico n.;597;;Veicolo in marcia contro ostacolo fisso;Rettilineo;Una carreggiata a doppio senso;Bagnato (pioggia);Asfaltata;Assente;Nuvoloso;Scarso;Buona;Ore Diurne;0;0;0;1;12,45974;41,97414;-1;1;Autovettura privata;In marcia / fermata / arresto;Conducente;F;Illeso;0;;Non accertato;
3282369;1;28/04/2017 09:00;Strada Urbana;VIA CAVOUR;all'intersezione semaforizzata con;PIAZZA DEI CINQUECENTO;PIAZZA DEI CINQUECENTO;;;Infortunio per caduta del veicolo;Intersezione semaforizzata;Una carreggiata a doppio senso;Bagnato (pioggia);Asfaltata;Verticale ed orizzontale;Pioggia in atto;Intenso;Buona;Ore Diurne;2;0;0;0;12,49952;41,9006;-1;1;Motociclo con passeggero;In marcia / fermata / arresto;Passeggero;F;Rifiuta cure immediate;0;NON DECEDUTO;Utilizzato;
3282369;1;28/04/2017 09:00;Strada Urbana;VIA CAVOUR;all'intersezione semaforizzata con;PIAZZA DEI CINQUECENTO;PIAZZA DEI CINQUECENTO;;;Infortunio per caduta del veicolo;Intersezione semaforizzata;Una carreggiata a doppio senso;Bagnato (pioggia);Asfaltata;Verticale ed orizzontale;Pioggia in atto;Intenso;Buona;Ore Diurne;2;0;0;0;12,49952;41,9006;-1;1;Motociclo con passeggero;In marcia / fermata / arresto;Conducente;M;Rimandato;0;NON DECEDUTO;Utilizzato;
3282376;20;29/04/2017 00:20;Strada Urbana;CORSO DI FRANCIA;in corrispondenza;;del civico n.;144;;Veicolo in marcia contro veicolo in sosta;Rettilineo;Due carreggiate;Asciutto;Asfaltata;Verticale ed orizzontale;Sereno;Normale;Sufficiente;Sufficiente;1;0;0;0;12,47038;41,94284;-1;1;Autovettura privata;In marcia / fermata / arresto;Conducente;M;Ricoverato;0;NON DECEDUTO;Non accertato;
3282381;20;28/04/2017 09:25;Strada Urbana;VIA DELLA GIUSTINIANA;in prossimità;;del civico n.;640;;Ribaltamento senza urto contro ostacolo fisso;Rettilineo;Una carreggiata a doppio senso;Bagnato (pioggia);Asfaltata;Verticale ed orizzontale;Pioggia in atto;Scarso;Buona;Ore Diurne;0;0;0;1;12,44939;41,99473;-1;1;Autovettura privata;In marcia / fermata / arresto;Conducente;F;Illeso;0;;Non accertato;
3282394;12;23/04/2017 03:00;Statale;VIA DEL MARE;in corrispondenza;;della chilometrica;9.4;;Scontro frontale fra veicoli in marcia;Rettilineo;Una carreggiata a doppio senso;Asciutto;Asfaltata;Verticale ed orizzontale;Sereno;Scarso;Buona;Inesistente;0;0;0;1;12,46323;41,84026;-1;1;Autovettura privata;In marcia / fermata / arresto;Conducente;M;Illeso;0;;Non accertato;
3282395;1;28/04/2017 18:30;Strada Urbana;PIAZZA VENEZIA;all'intersezione con;VIA CESARE BATTISTI;VIA CESARE BATTISTI;;;Scontro laterale fra veicoli in marcia;Incrocio;Due carreggiate;Bagnato (pioggia);In cubetti di porfido;Verticale ed orizzontale;Pioggia in atto;Intenso;Buona;Ore Diurne;0;0;0;2;12,48231;41,89673;-1;1;Autobus turistico;In marcia / fermata / arresto;Conducente;M;Illeso;0;;Utilizzato;Inesploso
3282395;1;28/04/2017 18:30;Strada Urbana;PIAZZA VENEZIA;all'intersezione con;VIA CESARE BATTISTI;VIA CESARE BATTISTI;;;Scontro laterale fra veicoli in marcia;Incrocio;Due carreggiate;Bagnato (pioggia);In cubetti di porfido;Verticale ed orizzontale;Pioggia in atto;Intenso;Buona;Ore Diurne;0;0;0;2;12,48231;41,89673;-1;2;Autovettura privata;In marcia / fermata / arresto;Conducente;F;Illeso;0;;Utilizzato;Inesploso
3282403;12;24/04/2017 18:00;Strada Urbana;VIA CRISTOFORO COLOMBO;da specificare;;;;laterale dir. Fiumicino alt. Sheraton;Veicolo in marcia contro ostacolo accidentale;Curva a visuale libera;Una carreggiata a senso unico di marcia;Viscido da liquidi oleosi;Asfaltata;Verticale ed orizzontale;Sereno;Normale;Buona;Ore Diurne;0;0;0;1;12,41206;41,78597;-1;1;Motociclo a solo;In marcia / fermata / arresto;Conducente;M;Illeso;0;;;
3282407;20;28/04/2017 13:30;Strada Urbana;VIADOTTO GIUBILEO DEL 2000;da specificare;;;;altezza rampa uscita via Tiberina ;Scontro laterale fra veicoli in marcia;Curva a visuale libera;Due carreggiate;Asciutto;Asfaltata;Verticale ed orizzontale;Nuvoloso;Normale;Buona;Ore Diurne;0;0;0;2;12,49539;41,98901;-1;1;Autovettura privata;In marcia / fermata / arresto;Conducente;M;Illeso;0;;Non accertato;
3282407;20;28/04/2017 13:30;Strada Urbana;VIADOTTO GIUBILEO DEL 2000;da specificare;;;;altezza rampa uscita via Tiberina ;Scontro laterale fra veicoli in marcia;Curva a visuale libera;Due carreggiate;Asciutto;Asfaltata;Verticale ed orizzontale;Nuvoloso;Normale;Buona;Ore Diurne;0;0;0;2;12,49539;41,98901;-1;2;Autocarro inferiore 35 q.;In marcia / fermata / arresto;Conducente;M;Illeso;0;;Non accertato;Inesploso
3282421;12;24/04/2017 02:00;Strada Urbana;VIA DELLE STRELITZIE;all'intersezione con;VIA DEI PLUMBAGHI;VIA DEI PLUMBAGHI;;;Veicolo in marcia contro ostacolo fisso;Incrocio;Una carreggiata a doppio senso;Asciutto;Asfaltata;Verticale;Sereno;Scarso;Insufficiente;Inesistente;0;0;0;1;12,57877;41,71104;-1;1;Autovettura privata;In marcia / fermata / arresto;Conducente;M;Illeso;0;;Utilizzato;Inesploso
3282427;20;28/04/2017 20:15;Strada Urbana;PIAZZALE DI PONTE MILVIO;in prossimità;;del civico n.;13;;Scontro frontale/laterale DX fra veicoli in marcia;Rettilineo;Due carreggiate;Bagnato (pioggia);Asfaltata;Verticale ed orizzontale;Pioggia in atto;Normale;Buona;Sufficiente;0;0;0;3;12,466;41,93741;-1;1;Motociclo a solo;In marcia / fermata / arresto;Conducente;M;Illeso;0;;Non accertato;
3282427;20;28/04/2017 20:15;Strada Urbana;PIAZZALE DI PONTE MILVIO;in prossimità;;del civico n.;13;;Scontro frontale/laterale DX fra veicoli in marcia;Rettilineo;Due carreggiate;Bagnato (pioggia);Asfaltata;Verticale ed orizzontale;Pioggia in atto;Normale;Buona;Sufficiente;0;0;0;3;12,466;41,93741;-1;1;Motociclo a solo;In marcia / fermata / arresto;Passeggero;M;Illeso;0;;Non accertato;
3282427;20;28/04/2017 20:15;Strada Urbana;PIAZZALE DI PONTE MILVIO;in prossimità;;del civico n.;13;;Scontro frontale/laterale DX fra veicoli in marcia;Rettilineo;Due carreggiate;Bagnato (pioggia);Asfaltata;Verticale ed orizzontale;Pioggia in atto;Normale;Buona;Sufficiente;0;0;0;3;12,466;41,93741;-1;2;Autovettura privata;In marcia / fermata / arresto;Conducente;M;Illeso;0;;Non accertato;
3282453;1;28/04/2017 19:25;Strada Urbana;VIA VICENZA;all'intersezione con;VIA VITTORIO BACHELET;VIA VITTORIO BACHELET;;;Scontro frontale/laterale DX fra veicoli in marcia;Incrocio;Una carreggiata a senso unico di marcia;Bagnato (pioggia);Asfaltata;Verticale ed orizzontale;Nuvoloso;Scarso;Buona;Ore Diurne;0;0;0;2;12,50408;41,90394;-1;1;Autovettura privata;In marcia / fermata / arresto;Conducente;M;Illeso;0;;Non accertato;Inesploso
3282453;1;28/04/2017 19:25;Strada Urbana;VIA VICENZA;all'intersezione con;VIA VITTORIO BACHELET;VIA VITTORIO BACHELET;;;Scontro frontale/laterale DX fra veicoli in marcia;Incrocio;Una carreggiata a senso unico di marcia;Bagnato (pioggia);Asfaltata;Verticale ed orizzontale;Nuvoloso;Scarso;Buona;Ore Diurne;0;0;0;2;12,50408;41,90394;-1;2;Autovettura privata;In marcia / fermata / arresto;Conducente;M;Illeso;0;;Non accertato;Inesploso
3282464;12;24/04/2017 18:01;Strada Urbana;VIA CRISTOFORO COLOMBO;da specificare;;;;svincolo laterale direz. Fiumicino alt. Sheraton;Veicolo in marcia contro ostacolo accidentale;Curva senza visuale libera;Una carreggiata a senso unico di marcia;Viscido da liquidi oleosi;Asfaltata;Orizzontale;Sereno;Normale;Buona;Ore Diurne;0;0;0;1;12,49637;41,87316;-1;1;Motociclo a solo;In marcia / fermata / arresto;Conducente;M;Illeso;0;;;
3282465;12;24/04/2017 11:30;Strada Urbana;VIA DELLA DIVISIONE TORINO;in corrispondenza;;del civico n.;101;;Scontro laterale fra veicoli in marcia;Rettilineo;Una carreggiata a doppio senso;Asciutto;Asfaltata;Verticale ed orizzontale;Sereno;Scarso;Buona;Ore Diurne;0;0;0;3;12,48643;41,82143;-1;1;Autovettura privata;In marcia / fermata / arresto;Conducente;M;Illeso;0;;Non accertato;Inesploso
3282465;12;24/04/2017 11:30;Strada Urbana;VIA DELLA DIVISIONE TORINO;in corrispondenza;;del civico n.;101;;Scontro laterale fra veicoli in marcia;Rettilineo;Una carreggiata a doppio senso;Asciutto;Asfaltata;Verticale ed orizzontale;Sereno;Scarso;Buona;Ore Diurne;0;0;0;3;12,48643;41,82143;-1;1;Autovettura privata;In marcia / fermata / arresto;Passeggero;F;Illeso;0;;Non accertato;Inesploso
3282465;12;24/04/2017 11:30;Strada Urbana;VIA DELLA DIVISIONE TORINO;in corrispondenza;;del civico n.;101;;Scontro laterale fra veicoli in marcia;Rettilineo;Una carreggiata a doppio senso;Asciutto;Asfaltata;Verticale ed orizzontale;Sereno;Scarso;Buona;Ore Diurne;0;0;0;3;12,48643;41,82143;-1;2;Veicolo speciale;In marcia / fermata / arresto;Conducente;F;Illeso;0;;Non accertato;Inesploso
3282472;20;28/04/2017 20:05;Strada Urbana;VIA CASSIA;in corrispondenza;;del civico n.;28;;Tamponamento Multiplo;Rettilineo;Una carreggiata a senso unico di marcia;Asciutto;Asfaltata;Verticale ed orizzontale;Nuvoloso;Normale;Buona;Sufficiente;0;0;0;3;12,46592;41,93794;-1;1;Autovettura privata;In marcia / fermata / arresto;Conducente;M;Illeso;0;;;
3282472;20;28/04/2017 20:05;Strada Urbana;VIA CASSIA;in corrispondenza;;del civico n.;28;;Tamponamento Multiplo;Rettilineo;Una carreggiata a senso unico di marcia;Asciutto;Asfaltata;Verticale ed orizzontale;Nuvoloso;Normale;Buona;Sufficiente;0;0;0;3;12,46592;41,93794;-1;2;Autovettura privata;In marcia / fermata / arresto;Conducente;M;Illeso;0;;;
3282472;20;28/04/2017 20:05;Strada Urbana;VIA CASSIA;in corrispondenza;;del civico n.;28;;Tamponamento Multiplo;Rettilineo;Una carreggiata a senso unico di marcia;Asciutto;Asfaltata;Verticale ed orizzontale;Nuvoloso;Normale;Buona;Sufficiente;0;0;0;3;12,46592;41,93794;-1;3;Autovettura privata;In marcia / fermata / arresto;Conducente;M;Illeso;0;;;
3282476;12;24/04/2017 11:45;Regionale entro l'abitato;VIA PONTINA;da specificare;;;;alt. GRA DIR. ROMA;Tamponamento;Rettilineo;Due carreggiate;Asciutto;Asfaltata;Verticale ed orizzontale;Sereno;Normale;Buona;Ore Diurne;0;0;0;2;12,79855;41,5088;-1;1;Autovettura privata;In marcia / fermata / arresto;Conducente;M;Illeso;0;;Utilizzato;Inesploso
3282476;12;24/04/2017 11:45;Regionale entro l'abitato;VIA PONTINA;da specificare;;;;alt. GRA DIR. ROMA;Tamponamento;Rettilineo;Due carreggiate;Asciutto;Asfaltata;Verticale ed orizzontale;Sereno;Normale;Buona;Ore Diurne;0;0;0;2;12,79855;41,5088;-1;2;Autovettura privata;In marcia / fermata / arresto;Conducente;M;Illeso;0;;Utilizzato;Inesploso
3282484;12;24/04/2017 16:00;Strada Urbana;VIALE EUROPA;all'intersezione con;VIALE BEETHOVEN;VIALE BEETHOVEN;;;Scontro frontale/laterale DX fra veicoli in marcia;Incrocio;Due carreggiate;Asciutto;Asfaltata;Verticale ed orizzontale;Sereno;Normale;Buona;Ore Diurne;0;0;0;3;12,4661;41,83174;-1;1;Autovettura privata;In marcia / fermata / arresto;Conducente;M;Illeso;0;;;